strain	evo_1	evo_2	evo_3	evo_4	evo_5	evo_6	evo_7	evo_8	evo_9	evo_10	evo_11	evo_12	evo_13	evo_14	evo_15	evo_16	evo_17	evo_18	evo_19	evo_20	evo_21	evo_22	evo_23	evo_24	evo_25	evo_26	evo_27	evo_28	evo_29	evo_30	evo_31	evo_32	evo_33	evo_34	evo_35	evo_36	evo_37	evo_38	evo_39	evo_40	evo_41	evo_42	evo_43	evo_44	evo_45	evo_46	evo_47	evo_48	evo_49	evo_50	evo_51	evo_52	evo_53	evo_54	evo_55	evo_56	evo_57	evo_58	evo_59	evo_60	evo_61	evo_62	evo_63	evo_64	evo_65	evo_66	evo_67	evo_68	evo_69	evo_70	evo_71	evo_72	evo_73	evo_74	evo_75	evo_76	evo_77	evo_78	evo_79	evo_80	evo_81	evo_82	evo_83	evo_84	evo_85	evo_86	evo_87	evo_88	evo_89	evo_90	evo_91	evo_92	evo_93	evo_94	evo_95	evo_96	evo_97	evo_98	evo_99	evo_100	evo_101	evo_102	evo_103	evo_104	evo_105	evo_106	evo_107	evo_108	evo_109	evo_110	evo_111	evo_112	evo_113	evo_114	evo_115	evo_116	evo_117	evo_118	evo_119	evo_120	evo_121	evo_122	evo_123	evo_124	evo_125	evo_126	evo_127	evo_128	evo_129	evo_130	evo_131	evo_132	evo_133	evo_134	evo_135	evo_136	evo_137	evo_138	evo_139	evo_140	evo_141	evo_142	evo_143	evo_144	evo_145	evo_146	evo_147	evo_148	evo_149	evo_150	evo_151	evo_152	evo_153	evo_154	evo_155	evo_156	evo_157	evo_158	evo_159	evo_160	evo_161	evo_162	evo_163	evo_164	evo_165	evo_166	evo_167	evo_168	evo_169	evo_170	evo_171	evo_172	evo_173	evo_174	evo_175	evo_176	evo_177	evo_178	evo_179	evo_180	evo_181	evo_182	evo_183	evo_184	evo_185	evo_186	evo_187	evo_188	evo_189	evo_190	evo_191	evo_192	evo_193	evo_194	evo_195	evo_196	evo_197	evo_198	evo_199	evo_200	evo_201	evo_202	evo_203	evo_204	evo_205	evo_206	evo_207	evo_208	evo_209	evo_210	evo_211	evo_212	evo_213	evo_214	evo_215	evo_216	evo_217	evo_218	evo_219	evo_220	evo_221	evo_222	evo_223	evo_224	evo_225	evo_226	evo_227	evo_228	evo_229	evo_230	evo_231	evo_232	evo_233	evo_234	evo_235	evo_236	evo_237	evo_238	evo_239	evo_240	evo_241	evo_242	evo_243	evo_244	evo_245	evo_246	evo_247	evo_248	evo_249	evo_250	evo_251	evo_252	evo_253	evo_254	evo_255	evo_256	evo_257	evo_258	evo_259	evo_260	evo_261	evo_262	evo_263	evo_264	evo_265	evo_266	evo_267	evo_268	evo_269	evo_270	evo_271	evo_272	evo_273	evo_274	evo_275	evo_276	evo_277	evo_278	evo_279	evo_280	evo_281	evo_282	evo_283	evo_284	evo_285	evo_286	evo_287	evo_288	evo_289	evo_290	evo_291	evo_292	evo_293	evo_294	evo_295	evo_296	evo_297	evo_298	evo_299	evo_300	evo_301	evo_302	evo_303	evo_304	evo_305	evo_306	evo_307	evo_308	evo_309	evo_310	evo_311	evo_312	evo_313	evo_314	evo_315	evo_316	evo_317	evo_318	evo_319	evo_320	evo_321	evo_322	evo_323	evo_324	evo_325	evo_326	evo_327	evo_328	evo_329	evo_330	evo_331	evo_332	evo_333	evo_334	evo_335	evo_336	evo_337	evo_338	evo_339	evo_340	evo_341	evo_342	evo_343	evo_344	evo_345	evo_346	evo_347	evo_348	evo_349	evo_350	evo_351	evo_352	evo_353	evo_354	evo_355	evo_356	evo_357	evo_358	evo_359	evo_360	evo_361	evo_362	evo_363	evo_364	evo_365	evo_366	evo_367	evo_368	evo_369	evo_370	evo_371	evo_372	evo_373	evo_374	evo_375	evo_376	evo_377	evo_378	evo_379	evo_380	evo_381	evo_382	evo_383	evo_384	evo_385	evo_386	evo_387	evo_388	evo_389	evo_390	evo_391	evo_392	evo_393	evo_394	evo_395	evo_396	evo_397	evo_398	evo_399	evo_400	evo_401	evo_402	evo_403	evo_404	evo_405	evo_406	evo_407	evo_408	evo_409	evo_410	evo_411	evo_412	evo_413	evo_414	evo_415	evo_416	evo_417	evo_418	evo_419	evo_420	evo_421	evo_422	evo_423	evo_424	evo_425	evo_426	evo_427	evo_428	evo_429	evo_430	evo_431	evo_432	evo_433	evo_434	evo_435	evo_436	evo_437	evo_438	evo_439	evo_440	evo_441	evo_442	evo_443	evo_444	evo_445	evo_446	evo_447	evo_448	evo_449	evo_450	evo_451	evo_452	evo_453	evo_454	evo_455	evo_456	evo_457	evo_458	evo_459	evo_460	evo_461	evo_462	evo_463	evo_464	evo_465	evo_466	evo_467	evo_468	evo_469	evo_470	evo_471	evo_472	evo_473	evo_474	evo_475	evo_476	evo_477	evo_478	evo_479	evo_480	evo_481	evo_482	evo_483	evo_484	evo_485	evo_486	evo_487	evo_488	evo_489	evo_490	evo_491	evo_492	evo_493	evo_494	evo_495	evo_496	evo_497	evo_498	evo_499	evo_500	evo_501	evo_502	evo_503	evo_504	evo_505	evo_506	evo_507	evo_508	evo_509	evo_510	evo_511	evo_512	evo_513	evo_514	evo_515	evo_516	evo_517	evo_518	evo_519	evo_520	evo_521	evo_522	evo_523	evo_524	evo_525	evo_526	evo_527	evo_528	evo_529	evo_530	evo_531	evo_532	evo_533	evo_534	evo_535	evo_536	evo_537	evo_538	evo_539	evo_540	evo_541	evo_542	evo_543	evo_544	evo_545	evo_546	evo_547	evo_548	evo_549	evo_550	evo_551	evo_552	evo_553	evo_554	evo_555	evo_556	evo_557	evo_558	evo_559	evo_560	evo_561	evo_562	evo_563	evo_564	evo_565	evo_566	evo_567	evo_568	evo_569	evo_570	evo_571	evo_572
LjNodule218	0	84	11	15	23	14	13	35	129	126	131	87	728	1598	1835	1409	2119	985	420	2871	1296	970	3	14	0	14	11	10	1316	1164	1133	939	152	1018	1212	568	913	6	10	12	4	7	3	5	0	0	0	830	903	927	1237	1459	224	725	136	98	338	15	24	15	14	15	22	21	15	22	16	777	125	195	416	427	2940	949	2689	2130	1771	27	50	53	55	56	44	116	114	87	150	2764	2390	1144	339	729	1274	509	444	895	41	59	44	36	66	46	32	66	25	27	1254	1468	6210	370	4230	1020	667	6653	707	2643	248	66	48	149	53	30	49	37	67	10	2630	1421	2251	3665	3181	1394	941	2178	790	793	24	26	34	23	35	23	34	64	29	18	1828	833	471	3791	2593	782	2136	836	809	967	13	17	10	40	41	16	2	27	14	33	1916	551	670	985	5265	2404	1307	467	780	3309	29	9	14	38	32	21	25	31	36	30	875	1468	1669	2202	1480	284	382	1218	568	581	25	7	44	20	39	8	22	27	37	38	629	803	1026	559	210	326	301	698	431	446	0	2	0	0	0	0	0	0	0	0	97	5	0	42	0	0	47	26	24	20	4	14	8	11	48	29	20	29	48	285	93	323	723	358	624	794	642	320	423	62	5	19	8	26	14	21	8	13	16	1029	126	307	352	545	633	431	716	470	2421	26	13	10	16	13	20	9	22	34	14	20	13	21	160	37	1044	505	343	88	111	107	122	829	8	12	9	8	5	7	11	5	16	6	18	13	415	95	129	115	108	51	68	69	63	88	10	13	8	1	2	14	6	13	11	21	543	50	48	10	57	26	19	97	41	24	212	131	258	330	578	1085	183	21	88	10	20	6	14	22	0	2	44	41	29	170	95	1981	80	5	237	53	74	215	45	17	11	23	17	17	5	16	9	7	21	893	147	446	146	285	2927	599	61	799	942	78	93	115	101	88	60	61	112	81	966	485	446	209	317	663	256	321	918	479	26	26	36	28	60	18	25	49	55	204	305	213	328	667	188	357	117	128	15	14	17	11	15	15	35	39	8	67	233	364	312	1267	963	186	1176	1115	163	89	13	27	41	33	31	15	9	25	17	29	642	522	230	232	276	446	796	210	503	489	34	37	25	72	22	31	13	15	38	12	3594	506	342	202	166	6	166	1167	697	386	25	13	11	20	27	8	18	22	18	24	143	581	92	252	1557	182	876	108	48	163	10	9	0	15	18	9	11	13	6	13	123	85	95	1850	79	600	152	127	302	85	303	52	5	10	9	0	7	4	6	12	2	13	43	5	9	116	145	10	124	1272	8	11	5	95	66	88	108	0	91	46	230	63	10	25	14	10	11	548	9	9	28	135	15	155	5	1038
LjRoot1	0	698	0	0	0	0	0	34	94	57	87	87	0	0	0	0	0	74	45	59	38	76	0	12	3	17	7	16	0	0	0	0	0	2	3	2	4	0	0	0	0	0	1	2	4	0	0	0	0	0	0	0	0	4	2	2	2	0	0	0	0	0	16	18	17	10	19	0	0	0	0	0	66	6	49	14	15	0	0	0	0	0	32	127	53	55	55	0	0	0	0	0	52	14	50	10	0	0	0	0	0	102	156	57	41	96	0	0	0	0	0	136	74	187	84	28	0	0	0	0	0	18	96	45	54	35	0	0	0	0	0	101	74	114	51	20	0	0	0	0	0	21	39	43	15	14	0	0	0	0	0	45	69	38	70	54	0	0	0	0	0	14	4	56	22	19	0	0	0	0	0	22	86	25	34	50	0	0	0	0	0	14	69	33	12	32	0	0	0	0	0	34	26	15	23	34	0	0	0	0	0	14	38	24	65	46	0	0	0	0	0	31	56	38	49	53	0	0	0	0	0	0	113	0	0	0	0	0	0	0	0	216	0	0	304	0	0	0	0	0	50	64	11	25	53	0	0	0	0	0	57	105	46	102	97	0	0	0	0	0	32	89	75	80	26	0	0	0	0	0	45	132	38	58	52	0	0	0	0	0	42	19	30	12	14	10	14	17	0	0	0	0	0	24	12	8	22	10	0	0	0	0	0	15	20	5	6	8	10	12	0	0	0	0	0	22	28	12	14	14	2	3	2	2	1	4	2	3	0	0	19	28	50	9	21	0	2	1	0	0	0	0	0	1	16	12	11	22	4	0	3	1	8	8	3	1	9	6	6	1	0	175	8	4	3	2	1	5	2	6	16	42	72	23	41	12	0	2	4	6	51	15	35	55	19	4	0	12	2	3	10	30	8	10	0	3	8	5	17	4	14	25	3	4	27	1	1	18	1	1	2	3	4	0	0	7	0	6	3	3	3	2	2	13	1	3	7	4	5	11	6	20	4	17	4	2	2	41	6	15	4	19	8	13	15	4	0	4	40	5	39	3	42	16	6	20	7	19	52	27	82	28	10	19	16	26	28	15	28	6	11	5	31	13	6	7	42	32	36	17	16	161	35	44	37	22	3	7	1	26	2	4	1	2	2	13	5	15	2	8	10	3	2	4	0	6	2	4	3	2	2	2	2	4	1	0	16	1	7	31	6	5	8	6	3	6	6	3	2	2	6	2	6	8	8	5	2	3	2	23	2	6	8	2	8	12	2	2	1	24	10	6	12	1	5	8	8	8	6	25	20	16	2	4	1	3	5	7	2	8	1	2
LjRoot17	0	99	0	0	0	0	0	26	104	77	69	103	0	0	0	0	0	47	44	27	32	44	0	11	4	12	17	13	0	0	0	0	0	4	3	0	2	0	0	0	0	0	6	2	9	4	0	0	0	0	0	0	4	8	4	4	2	0	0	0	0	0	9	10	15	15	16	0	0	0	0	0	7	1	12	3	2	0	0	0	0	0	26	58	71	85	62	0	0	0	0	0	5	1	6	1	0	0	0	0	0	33	60	35	50	31	0	0	0	0	0	21	10	36	11	4	0	0	0	0	0	44	92	6	28	8	0	0	0	0	0	32	15	36	12	9	0	0	0	0	0	62	69	39	46	40	0	0	0	0	0	45	15	35	23	20	0	0	0	0	0	23	3	29	34	38	0	0	0	0	0	23	16	7	8	11	0	0	0	0	0	28	55	22	19	26	0	0	0	0	0	1	2	0	5	3	0	0	0	0	0	84	142	66	102	50	0	0	0	0	0	21	14	7	12	10	0	0	0	0	0	27	45	77	38	50	0	0	0	0	0	7	0	0	0	0	0	0	0	0	42	73	25	36	36	0	0	0	0	0	31	23	3	10	13	0	0	0	0	0	64	82	42	37	33	0	0	0	0	0	28	38	20	19	23	0	0	0	0	0	16	12	24	9	11	17	8	9	0	0	0	0	0	3	5	5	5	2	0	0	0	0	0	9	6	11	3	12	3	7	0	0	0	0	0	4	7	3	3	1	4	1	6	2	2	5	7	6	5	10	14	284	122	30	156	1	0	1	1	0	2	4	1	1	83	28	23	72	42	0	5	2	5	2	3	0	9	10	5	0	0	224	1	1	1	1	2	4	2	2	3	11	4	3	3	8	5	2	14	3	3	2	3	3	4	0	2	1	3	40	54	69	52	36	27	23	48	68	13	16	24	14	6	15	33	14	13	21	9	12	17	10	22	7	23	27	16	0	0	1	6	2	5	12	2	4	11	7	24	4	34	21	32	42	5	29	9	13	7	2	2	8	7	3	6	2	13	49	34	47	43	33	17	28	32	29	4	9	7	2	14	8	4	6	29	11	10	8	13	51	21	45	7	38	64	15	26	16	3	0	3	0	9	3	23	4	33	41	3	17	1	12	20	29	16	17	0	6	1	2	2	2	1	3	2	4	6	0	3	10	2	6	13	8	5	10	2	1	1	2	0	13	6	0	2	2	1	0	21	3	3	2	5	5	6	2	5	6	6	10	11	5	2	11	8	2	5	7	3	2	6	1	0	7	2	0	1	1	9	10	12	4	9	0	4	18	0	4	9	9	3	8
LjRoot222	0	16	0	0	0	0	0	76	238	322	250	154	0	0	0	0	0	82	102	62	77	88	0	40	9	76	32	28	0	0	0	0	0	19	14	7	9	0	0	0	0	0	3	6	12	5	0	0	0	0	0	0	10	23	5	12	6	0	0	0	0	0	28	24	30	34	28	0	0	0	0	0	60	21	85	16	18	0	0	0	0	0	81	230	186	142	202	0	0	0	0	0	30	12	45	7	0	0	0	0	0	41	30	38	18	38	0	0	0	0	0	64	42	100	62	16	0	0	0	0	0	34	58	32	52	14	0	0	0	0	0	66	58	88	34	29	0	0	0	0	0	37	50	77	33	26	0	0	0	0	0	56	78	70	68	47	0	0	0	0	0	29	2	80	34	64	0	0	0	0	0	84	70	128	58	112	0	0	0	0	0	42	40	31	59	38	0	0	0	0	0	28	39	28	74	44	0	0	0	0	0	14	34	24	52	30	0	0	0	0	0	18	14	39	38	18	0	0	0	0	0	4	22	14	4	0	0	0	0	0	0	3	8	8	14	0	0	0	0	0	118	106	163	102	124	0	0	0	0	0	60	64	52	52	41	0	0	0	0	0	97	97	98	57	46	0	0	0	0	0	74	64	34	64	64	0	0	0	0	0	35	33	42	79	41	46	35	46	0	0	0	0	0	29	30	40	27	26	0	0	0	0	0	30	48	24	56	45	30	35	0	0	0	0	0	39	58	52	30	35	12	20	20	8	13	16	21	19	27	26	129	154	168	48	104	8	7	10	3	3	13	20	9	13	36	37	45	80	4	27	48	7	31	28	18	6	62	67	50	12	16	470	29	8	14	16	8	26	12	41	32	124	63	47	26	86	30	44	72	44	60	35	78	96	82	47	6	108	36	200	238	317	178	191	169	168	194	230	58	68	202	74	88	150	132	144	180	168	123	55	76	114	176	48	77	140	110	32	46	29	53	46	50	76	41	66	60	56	48	75	90	110	114	116	28	200	58	99	102	35	17	88	70	56	64	38	110	137	100	187	166	76	70	96	44	128	129	170	103	42	92	116	56	154	128	95	202	188	68	231	136	154	56	121	187	87	132	150	142	83	60	10	122	136	216	145	85	56	38	68	132	90	76	82	47	84	26	29	30	64	40	16	21	28	29	32	44	11	26	29	41	24	45	42	18	23	26	27	28	25	32	52	32	54	52	68	32	34	26	19	16	23	21	50	26	31	12	42	48	10	28	43	32	56	39	26	24	46	14	30	30	53	38	29	37	28	26	20	26	21	30	24	64	10	18	48	18	38	46	32	28	22
LjRoot24	0	26	0	0	0	0	0	0	10	6	4	8	0	0	0	0	0	2	0	0	0	2	0	0	0	0	0	0	0	0	0	0	0	0	0	0	0	0	0	0	0	0	0	0	0	0	0	0	0	0	0	0	0	0	0	0	0	0	0	0	0	0	0	0	0	0	0	0	0	0	0	0	0	0	0	0	0	0	0	0	0	0	0	0	0	0	0	0	0	0	0	0	0	0	0	0	0	0	0	0	0	0	0	0	0	0	0	0	0	0	0	0	0	0	0	0	0	0	0	0	0	0	0	0	0	0	0	0	0	0	0	0	0	0	0	0	0	0	0	0	0	0	0	0	0	0	0	0	0	0	0	0	0	0	0	0	0	0	0	0	0	0	0	0	0	0	0	0	0	0	0	0	0	0	0	0	0	0	0	0	0	0	0	0	0	0	0	0	0	0	0	0	0	0	0	0	0	0	0	0	0	0	0	0	0	0	0	0	0	0	0	0	0	0	0	0	0	0	0	0	0	0	0	0	0	0	0	0	0	0	0	0	0	0	0	0	0	0	0	0	0	0	0	0	0	0	0	0	0	0	0	0	0	0	0	0	0	0	0	0	0	0	0	0	0	0	0	0	0	0	0	0	0	0	0	0	0	0	0	0	0	0	0	0	0	0	0	0	0	0	0	0	0	0	0	0	0	0	0	0	0	0	0	0	0	0	0	0	0	0	0	0	0	0	0	0	0	0	0	0	0	0	0	0	0	0	2	0	0	0	2	4	4	0	8	0	0	0	0	0	0	0	0	0	0	2	0	2	0	0	0	0	0	0	0	0	0	0	0	0	0	19	0	0	0	0	0	0	0	0	0	0	0	0	0	0	0	0	0	0	0	0	0	0	0	0	0	0	0	0	0	0	0	0	0	0	0	0	0	0	0	0	0	0	0	0	0	0	0	0	0	0	0	0	0	0	0	0	0	0	0	0	0	0	0	0	0	0	0	0	0	0	0	0	0	0	0	0	0	0	0	0	0	0	0	0	0	0	0	0	0	0	0	0	0	0	0	0	0	0	0	0	0	0	0	0	0	0	0	0	0	0	0	0	0	0	0	0	0	0	0	0	0	0	0	0	0	0	0	0	0	0	0	0	0	0	0	0	0	0	0	0	0	0	0	0	0	0	0	0	0	0	0	0	0	0	0	0	0	0	0	0	0	0	0	0	0	0	0	0	0	0	0	0	0	0	0	0	0	0	0	0	0	0	0	0	0	0	0	0	0	0	0	0	0	0	0	0	0	0	0	0	0	0	0	0	0	0	0	0	0	0
LjRoot262	0	536	0	0	0	0	0	198	533	446	570	528	0	0	0	0	0	212	232	150	227	331	0	254	67	316	250	362	0	0	0	0	0	108	124	36	57	0	0	0	0	0	16	14	42	17	0	0	0	0	0	0	23	81	43	54	22	0	0	0	0	0	242	170	338	154	186	0	0	0	0	0	612	134	700	324	198	0	0	0	0	0	720	1656	1042	566	710	0	0	0	0	0	460	350	682	408	0	0	0	0	0	857	880	1368	616	1636	0	0	0	0	0	1534	1072	1936	1508	482	0	0	0	0	0	732	1098	764	865	312	0	0	0	0	0	1426	1346	1874	845	984	0	0	0	0	0	1425	946	1568	1426	908	0	0	0	0	0	1474	1156	1746	1927	1458	0	0	0	0	0	444	32	1390	402	608	0	0	0	0	0	948	1251	1314	1330	1648	0	0	0	0	0	386	392	308	402	562	0	0	0	0	0	382	337	252	614	458	0	0	0	0	0	634	930	1100	1778	1272	0	0	0	0	0	774	972	1368	1518	636	0	0	0	0	0	300	440	940	1109	290	0	0	0	0	682	342	487	1982	1026	0	0	0	0	0	853	678	631	610	691	0	0	0	0	0	1195	1397	1364	1184	986	0	0	0	0	0	1358	1529	1462	1483	1073	0	0	0	0	0	1792	1958	1521	1344	1399	0	0	0	0	0	530	416	508	593	578	504	414	651	0	0	0	0	0	202	270	312	366	275	0	0	0	0	0	208	352	304	345	370	205	256	0	0	0	0	0	264	270	410	226	231	100	165	62	40	58	99	118	158	89	147	629	1374	988	170	1312	34	32	30	26	28	46	62	62	56	380	224	362	1251	423	110	111	148	160	122	51	28	162	264	178	78	149	3806	244	52	103	177	30	135	38	354	434	927	842	610	466	580	221	158	268	709	860	362	1006	913	827	384	27	614	286	1039	1360	1268	1630	1552	916	718	1392	1462	968	679	1216	812	649	644	1128	1042	1144	1152	427	270	380	454	740	170	413	580	606	570	442	208	381	475	313	343	264	425	449	312	376	360	281	846	600	803	220	658	253	716	594	294	177	748	510	332	428	214	304	402	570	532	790	298	331	620	244	572	638	1220	472	422	747	686	284	322	487	594	1096	502	422	1450	846	706	462	569	1029	274	710	1254	868	420	608	30	943	782	978	886	600	394	229	586	532	399	286	284	415	689	148	162	302	382	310	194	163	130	84	188	356	76	258	110	130	113	182	260	88	86	286	77	292	198	159	220	193	183	222	223	268	122	158	142	232	196	167	271	141	195	84	251	172	159	169	292	214	175	182	130	116	296	123	218	170	226	325	106	170	184	128	126	256	339	330	237	214	90	110	246	72	193	268	167	234	115
LjRoot303	0	24	0	0	0	0	0	0	2	1	2	4	0	0	0	0	0	1	0	0	0	1	0	0	0	0	0	0	0	0	0	0	0	0	0	0	0	0	0	0	0	0	0	0	0	0	0	0	0	0	0	0	0	0	0	0	0	0	0	0	0	0	0	0	0	0	0	0	0	0	0	0	0	0	0	0	0	0	0	0	0	0	0	0	0	0	0	0	0	0	0	0	0	0	0	0	0	0	0	0	0	0	0	0	0	0	0	0	0	0	0	0	0	0	0	0	0	0	0	0	0	0	0	0	0	0	0	0	0	0	0	0	0	0	0	0	0	0	0	0	0	0	0	0	0	0	0	0	0	0	0	0	0	0	0	0	0	0	0	0	0	0	0	0	0	0	0	0	0	0	0	0	0	0	0	0	0	0	0	0	0	0	0	0	0	0	0	0	0	0	0	0	0	0	0	0	0	0	0	0	0	0	0	0	0	0	0	0	0	0	0	0	0	0	0	0	0	0	0	0	0	0	0	0	0	0	0	0	0	0	0	0	0	0	0	0	0	0	0	0	0	0	0	0	0	0	0	0	0	0	0	0	0	0	0	0	0	0	0	0	0	0	0	0	0	0	0	0	0	0	0	0	0	0	0	0	0	0	0	0	0	0	0	0	0	0	0	0	0	0	0	0	0	0	0	0	0	0	0	0	0	0	0	0	0	0	0	0	0	0	0	0	0	0	0	0	0	0	0	0	0	0	0	0	0	0	0	0	0	0	0	2	1	1	0	0	0	0	0	0	0	0	0	0	0	0	0	0	0	0	0	0	0	0	0	0	0	0	0	0	0	0	0	0	0	0	0	0	0	0	0	0	0	0	0	0	0	0	0	0	0	0	0	0	0	0	0	0	0	0	0	0	0	0	0	0	0	0	0	0	0	0	0	0	0	0	0	0	0	0	0	0	0	0	0	0	0	0	0	0	0	0	0	0	0	0	0	0	0	0	0	0	0	0	0	0	0	0	0	0	0	0	0	0	0	0	0	0	0	0	0	0	0	0	0	0	0	0	0	0	0	0	0	0	0	0	0	0	0	0	0	0	0	0	0	0	0	0	0	0	0	0	0	0	0	0	0	0	0	0	0	0	0	0	0	0	0	0	0	0	0	0	0	0	0	0	0	0	0	0	0	0	0	0	0	0	0	0	0	0	0	0	0	0	0	0	0	0	0	0	0	0	0	0	0	0	0	0	0	0	0	0	0	0	0	0	0	0	0	0	0	0	0	0	0	0	0	0	0	0	0	0	0	0	0	0	0	0	0	0	0	0
LjRoot33	0	680	0	0	0	0	0	140	304	320	356	260	0	0	0	0	0	568	402	532	712	665	0	80	16	84	68	102	0	0	0	0	0	134	134	52	108	0	0	0	0	0	22	12	26	18	0	0	0	0	0	0	60	195	154	232	122	0	0	0	0	0	89	71	91	75	72	0	0	0	0	0	930	138	680	468	272	0	0	0	0	0	164	497	680	567	714	0	0	0	0	0	504	278	812	292	0	0	0	0	0	494	560	666	491	560	0	0	0	0	0	1343	978	1854	1290	692	0	0	0	0	0	246	384	580	508	234	0	0	0	0	0	1287	938	1788	515	880	0	0	0	0	0	295	208	314	214	180	0	0	0	0	0	1707	1978	1094	1388	1625	0	0	0	0	0	86	8	198	120	208	0	0	0	0	0	668	1358	1118	977	962	0	0	0	0	0	182	190	152	99	283	0	0	0	0	0	1150	1040	1254	1087	1646	0	0	0	0	0	80	102	150	377	264	0	0	0	0	0	1072	934	1396	1644	1224	0	0	0	0	0	318	469	2	944	230	0	0	0	0	918	1869	3314	3398	1072	0	0	0	0	0	360	331	78	174	230	0	0	0	0	0	2042	1982	1780	1146	1465	0	0	0	0	0	457	458	354	438	393	0	0	0	0	0	1763	1804	1570	2066	1583	0	0	0	0	0	92	77	56	58	64	46	66	70	0	0	0	0	0	126	136	204	254	134	0	0	0	0	0	56	52	20	30	32	50	55	0	0	0	0	0	174	171	216	136	235	14	22	12	4	6	24	9	16	13	8	189	278	257	22	100	25	18	16	20	16	43	30	16	24	84	131	305	48	50	56	40	22	48	32	14	8	37	42	44	89	123	2988	219	16	56	52	48	186	60	56	73	147	200	122	146	128	46	84	66	322	682	403	656	767	501	248	30	564	483	85	78	62	103	56	26	46	62	30	440	392	564	262	472	553	363	472	444	350	22	9	45	12	15	12	9	42	17	270	144	137	125	292	181	563	270	136	69	60	26	58	38	140	123	98	86	72	182	534	543	154	128	651	524	310	448	278	96	76	212	80	159	94	190	278	111	204	892	725	556	325	622	780	470	395	596	506	122	76	35	150	115	82	85	48	156	20	433	478	426	176	382	26	330	446	238	264	78	46	18	156	24	94	32	32	126	53	120	47	154	172	245	143	76	79	82	156	40	12	15	29	18	21	36	32	2	13	140	83	81	188	134	102	170	118	98	222	162	68	20	22	66	25	23	44	34	26	26	48	125	40	16	222	189	40	210	154	33	34	26	168	60	125	202	8	120	127	56	111	74	202	104	100	25	254	21	38	83	138	54	264	37	146
LjRoot44	0	211	0	0	0	0	0	54	173	130	76	114	0	0	0	0	0	20	26	11	16	18	0	5	2	5	6	9	0	0	0	0	0	3	2	0	4	0	0	0	0	0	2	3	9	2	0	0	0	0	0	0	4	2	6	6	5	0	0	0	0	0	92	66	80	104	130	0	0	0	0	0	65	13	105	20	24	0	0	0	0	0	201	810	670	776	969	0	0	0	0	0	15	8	20	4	0	0	0	0	0	57	68	59	34	35	0	0	0	0	0	49	15	43	28	8	0	0	0	0	0	39	56	49	90	21	0	0	0	0	0	17	18	26	6	18	0	0	0	0	0	36	54	43	16	27	0	0	0	0	0	12	12	18	17	28	0	0	0	0	0	10	2	13	28	32	0	0	0	0	0	36	32	40	26	38	0	0	0	0	0	31	26	13	33	39	0	0	0	0	0	6	9	10	16	15	0	0	0	0	0	20	32	58	82	36	0	0	0	0	0	15	11	20	28	31	0	0	0	0	0	136	393	76	509	349	0	0	0	0	0	24	466	73	0	0	0	0	0	0	705	487	180	568	683	0	0	0	0	0	14	24	18	15	12	0	0	0	0	0	94	67	32	46	72	0	0	0	0	0	16	30	32	30	12	0	0	0	0	0	99	99	112	194	218	200	205	142	0	0	0	0	0	10	20	36	48	44	0	0	0	0	0	60	58	52	56	86	58	56	0	0	0	0	0	13	18	47	27	25	10	2	4	2	0	6	8	10	13	4	38	78	112	12	40	4	5	0	2	2	6	8	10	14	7	0	4	9	2	53	198	17	75	71	66	13	168	180	141	36	48	944	40	8	22	26	14	50	16	76	24	70	55	65	73	193	159	318	595	68	52	58	66	72	131	55	4	114	62	83	153	310	136	118	222	284	196	286	124	94	165	78	54	261	262	266	248	188	106	42	62	68	192	69	200	270	84	36	26	24	35	36	50	62	40	92	145	34	82	76	30	153	319	154	212	470	30	109	134	50	19	105	128	84	77	49	68	292	391	180	354	580	482	1210	578	1046	84	192	57	70	66	138	75	46	188	204	306	30	74	43	124	149	423	196	363	84	82	92	75	29	78	0	88	140	54	84	2	76	19	26	40	278	78	62	354	196	8	10	8	21	22	34	22	44	30	48	42	2	26	2	8	73	63	50	12	50	24	27	36	18	24	34	24	53	52	69	36	24	28	19	38	26	14	16	64	28	62	216	83	0	146	74	100	128	86	70	55	26	117	24	32	48	42	44	47	34	35	20	187	0	3	2	76	44	56	78	35	92	242	64	46	62
LjRoot46	0	13	0	0	0	0	0	50	163	129	162	126	0	0	0	0	0	35	25	13	19	27	0	9	1	14	8	10	0	0	0	0	0	6	5	2	5	0	0	0	0	0	3	3	11	4	0	0	0	0	0	0	2	4	6	4	3	0	0	0	0	0	35	12	24	16	27	0	0	0	0	0	31	14	39	10	6	0	0	0	0	0	58	143	122	127	119	0	0	0	0	0	13	9	13	3	0	0	0	0	0	6	8	11	4	10	0	0	0	0	0	17	19	25	12	4	0	0	0	0	0	11	29	5	20	2	0	0	0	0	0	13	19	48	9	3	0	0	0	0	0	9	34	60	22	2	0	0	0	0	0	14	15	34	16	13	0	0	0	0	0	6	1	13	17	9	0	0	0	0	0	34	25	32	14	20	0	0	0	0	0	9	22	11	21	5	0	0	0	0	0	6	15	9	17	15	0	0	0	0	0	12	32	12	37	9	0	0	0	0	0	5	13	10	15	13	0	0	0	0	0	0	35	0	0	0	0	0	0	0	0	0	0	0	0	0	0	0	0	0	49	47	66	32	40	0	0	0	0	0	5	18	8	12	6	0	0	0	0	0	23	30	20	6	14	0	0	0	0	0	4	9	7	21	12	0	0	0	0	0	25	29	56	20	16	6	27	63	0	0	0	0	0	11	5	25	14	15	0	0	0	0	0	77	77	40	40	51	34	80	0	0	0	0	0	9	14	26	25	17	1	2	2	2	4	4	2	7	3	6	5	68	98	13	42	7	3	3	3	6	7	18	11	9	7	2	5	23	1	6	14	6	5	9	6	3	14	20	8	1	4	165	15	0	8	6	3	8	7	7	2	18	11	3	2	17	7	7	13	7	9	4	82	22	36	18	2	81	8	32	213	77	52	31	84	52	88	180	37	14	58	19	53	31	71	84	16	40	28	8	24	15	27	4	49	34	48	9	21	10	26	20	76	49	21	60	37	62	23	41	51	98	181	122	29	116	40	82	85	33	10	121	73	32	66	36	30	31	27	45	31	17	8	33	27	29	22	43	25	8	10	93	18	35	47	62	62	50	46	141	48	123	24	95	177	35	72	33	58	36	31	0	110	73	106	80	21	9	6	7	30	10	28	54	6	45	4	7	2	7	10	8	4	12	11	5	11	9	9	10	31	6	28	25	12	11	10	10	8	12	11	13	16	28	25	14	15	20	10	14	7	12	7	11	5	6	8	24	20	2	33	13	32	20	25	14	9	25	11	18	9	20	24	12	23	10	42	9	8	4	0	0	22	14	8	19	23	13	24	15	13	11
LjRoot5	0	21	0	0	0	0	0	3	2	0	0	0	0	0	0	0	0	0	0	0	2	0	0	0	0	0	0	0	0	0	0	0	0	0	0	0	0	0	0	0	0	0	0	0	0	0	0	0	0	0	0	0	0	0	0	0	0	0	0	0	0	0	0	0	0	0	0	0	0	0	0	0	0	0	0	0	0	0	0	0	0	0	0	0	0	0	0	0	0	0	0	0	0	0	0	0	0	0	0	0	0	0	0	0	0	0	0	0	0	0	0	0	0	0	0	0	0	0	0	0	0	0	0	0	0	0	0	0	0	0	0	0	0	0	0	0	0	0	0	0	0	0	0	0	0	0	0	0	0	0	0	0	0	0	0	0	0	0	0	0	0	0	0	0	0	0	0	0	0	0	0	0	0	0	0	0	0	0	0	0	0	0	0	0	0	0	0	0	0	0	0	0	0	0	0	0	0	0	0	0	0	0	0	0	0	0	0	0	0	0	0	0	0	0	0	0	0	0	0	0	0	0	0	0	0	0	0	0	0	0	0	0	0	0	0	0	0	0	0	0	0	0	0	0	0	0	0	0	0	0	0	0	0	0	0	0	0	0	0	0	0	0	0	0	0	0	0	0	0	0	0	0	0	0	0	0	0	0	0	0	0	0	0	0	0	0	0	0	0	0	0	0	0	0	0	0	0	0	0	0	0	0	0	0	0	0	0	0	0	0	0	0	0	0	0	0	0	0	0	0	0	0	0	0	0	0	0	0	0	0	0	0	0	0	0	0	0	0	0	0	0	0	0	0	0	0	0	0	0	0	0	0	0	0	0	0	0	0	0	0	0	0	0	0	0	0	0	0	0	0	0	0	0	0	0	0	0	0	0	0	0	0	0	0	0	0	0	0	0	0	0	0	0	0	0	0	0	0	0	0	0	0	0	0	0	0	0	0	0	0	0	0	0	0	0	0	0	0	0	0	0	0	0	0	0	0	0	0	0	0	0	0	0	0	0	0	0	0	0	0	0	0	0	0	0	0	0	0	0	0	0	0	0	0	0	0	0	0	0	0	0	0	0	0	0	0	0	0	0	0	0	0	0	0	0	0	0	0	0	0	0	0	0	0	0	0	0	0	0	0	0	0	0	0	0	0	0	0	0	0	0	0	0	0	0	0	0	0	0	0	0	0	0	0	0	0	0	0	0	0	0	0	0	0	0	0	0	0	0	0	0	0	0	0	0	0	0	0	0	0	0	0	0	0	0	0	0	0	0	0	0	0	0	0	0	0	0	0	0	0	0	0	0	0	0	0	0	0	0	0	0	0
LjRoot52	0	36	0	0	0	0	0	24	102	54	64	76	0	0	0	0	0	93	39	22	48	50	0	9	2	9	4	16	0	0	0	0	0	4	4	2	0	0	0	0	0	0	2	0	4	1	0	0	0	0	0	0	2	2	2	2	0	0	0	0	0	0	9	10	8	7	9	0	0	0	0	0	14	2	20	6	4	0	0	0	0	0	20	85	66	74	96	0	0	0	0	0	2	2	6	2	0	0	0	0	0	14	8	26	4	20	0	0	0	0	0	11	9	11	11	9	0	0	0	0	0	16	9	10	11	2	0	0	0	0	0	18	12	18	6	10	0	0	0	0	0	8	7	36	8	8	0	0	0	0	0	8	12	16	9	10	0	0	0	0	0	2	0	8	11	9	0	0	0	0	0	12	10	12	6	11	0	0	0	0	0	8	4	2	4	4	0	0	0	0	0	0	2	0	12	3	0	0	0	0	0	8	10	16	22	9	0	0	0	0	0	4	0	6	8	10	0	0	0	0	0	0	0	0	6	0	0	0	0	0	0	0	0	0	0	0	0	0	0	0	28	22	10	27	47	0	0	0	0	0	5	10	10	10	10	0	0	0	0	0	11	12	10	9	12	0	0	0	0	0	5	11	13	10	12	0	0	0	0	0	7	16	18	19	17	14	4	16	0	0	0	0	0	10	10	18	14	17	0	0	0	0	0	12	28	7	20	19	4	18	0	0	0	0	0	14	14	12	15	12	4	4	4	2	2	4	2	4	4	6	54	36	47	6	32	4	2	4	4	2	6	5	4	6	10	10	11	16	1	6	4	4	2	2	2	0	4	6	6	4	5	73	5	0	2	0	0	0	2	4	8	10	6	7	4	10	2	4	8	9	7	9	9	17	8	9	0	10	4	47	61	54	64	38	40	66	50	54	28	16	33	14	20	26	20	22	30	28	18	8	26	13	26	12	16	14	22	11	6	4	11	10	22	20	6	22	24	12	12	16	12	27	34	22	12	48	10	24	34	10	9	24	35	19	21	14	19	26	20	13	23	18	10	30	20	36	23	30	16	14	10	29	10	20	18	29	46	28	18	48	26	40	17	18	66	14	28	32	32	35	14	0	58	64	40	38	10	8	4	8	14	8	7	19	9	20	6	6	14	16	10	10	2	8	4	7	12	4	6	5	14	4	14	12	8	5	7	10	11	8	8	16	10	12	10	7	5	4	9	4	3	4	6	8	3	7	0	10	14	0	11	7	6	10	10	3	6	7	4	6	8	7	7	5	9	2	4	5	12	2	0	3	13	0	3	11	6	4	17	9	16	7
LjRoot59	0	283	0	0	0	0	0	393	826	823	740	605	0	0	0	0	0	577	411	330	399	503	0	155	26	115	42	135	0	0	0	0	0	116	115	61	70	0	0	0	0	0	173	120	206	133	0	0	0	0	0	0	58	131	163	204	153	0	0	0	0	0	390	226	231	260	307	0	0	0	0	0	806	154	909	291	387	0	0	0	0	0	679	2836	3613	3900	3239	0	0	0	0	0	243	170	463	252	0	0	0	0	0	1297	1960	1478	1468	1052	0	0	0	0	0	990	806	1394	1131	453	0	0	0	0	0	1292	1826	1946	2060	900	0	0	0	0	0	1160	775	1185	602	851	0	0	0	0	0	1969	1298	1120	901	1590	0	0	0	0	0	925	830	944	1224	1365	0	0	0	0	0	1702	160	2236	2497	2556	0	0	0	0	0	543	673	402	625	652	0	0	0	0	0	1647	1963	1538	1053	1667	0	0	0	0	0	781	632	550	729	674	0	0	0	0	0	566	905	862	1160	1140	0	0	0	0	0	247	168	337	370	509	0	0	0	0	0	515	1015	1379	1368	1200	0	0	0	0	666	271	602	126	207	0	0	0	0	0	1900	2138	1010	1411	1455	0	0	0	0	0	1879	1545	1526	1269	3070	0	0	0	0	0	2897	3165	2125	2694	3126	0	0	0	0	0	1120	1561	1468	1112	1180	0	0	0	0	0	534	639	571	491	471	354	626	503	0	0	0	0	0	184	140	219	208	210	0	0	0	0	0	357	314	207	332	316	242	237	0	0	0	0	0	218	176	294	159	185	22	26	12	15	13	20	19	27	29	35	293	198	312	44	87	18	15	14	13	16	49	34	27	36	66	117	177	33	31	56	75	35	71	61	24	11	107	78	94	59	78	3518	74	14	40	41	35	87	35	111	141	270	236	165	174	170	97	86	100	189	237	153	278	210	218	171	14	180	153	187	222	263	321	157	134	156	161	182	148	222	207	110	170	190	131	189	250	175	89	55	137	96	163	90	115	150	108	143	97	91	113	132	123	230	133	149	103	78	109	74	135	115	207	265	116	207	117	445	277	112	91	315	266	320	190	158	245	232	518	227	344	226	359	610	264	513	568	653	447	307	837	882	233	424	438	600	457	175	109	410	355	276	206	195	401	135	294	734	359	251	285	601	269	453	393	428	154	109	88	399	146	177	125	107	159	166	91	88	126	175	157	89	70	76	58	166	75	38	33	41	80	37	97	114	27	73	96	60	206	145	81	61	220	134	85	101	110	87	62	48	71	58	53	62	75	71	34	95	118	176	42	173	80	81	204	102	51	58	43	109	96	152	143	32	90	97	100	56	127	234	314	269	66	66	45	77	48	134	98	109	52	64
LjRoot60	0	436	0	0	0	0	0	77	197	174	101	188	0	0	0	0	0	111	72	32	72	100	0	103	22	128	125	146	0	0	0	0	0	50	30	16	22	0	0	0	0	0	42	24	80	42	6	0	0	0	0	0	20	26	17	16	14	0	0	0	0	0	12	18	20	18	45	0	0	0	0	0	12	2	5	0	0	0	0	0	0	0	15	24	82	82	75	0	0	0	0	0	4	0	1	1	0	0	0	0	0	4	4	14	18	10	0	0	0	0	0	18	2	6	0	0	0	0	0	0	0	36	28	0	14	1	0	0	0	0	0	66	3	30	0	0	0	0	0	0	0	339	415	50	468	210	0	0	0	0	0	202	69	150	25	9	0	0	0	0	0	282	56	598	530	640	0	0	0	0	0	479	174	164	106	110	0	0	0	0	0	430	388	364	473	295	0	0	0	0	0	53	38	31	120	36	0	0	0	0	0	657	1106	1336	1620	890	0	0	0	0	0	152	71	114	118	58	0	0	0	0	0	884	1763	269	643	1820	0	0	0	0	0	106	80	729	0	0	0	0	0	0	272	202	286	91	210	0	0	0	0	0	54	46	34	36	36	0	0	0	0	0	835	648	353	249	555	0	0	0	0	0	122	89	55	251	116	0	0	0	0	0	134	100	269	166	199	79	137	154	0	0	0	0	0	13	6	28	24	10	0	0	0	0	0	378	438	223	248	254	192	276	0	0	0	0	0	33	32	70	80	48	4	0	2	0	6	6	6	12	10	20	28	94	60	22	237	2	2	0	2	0	4	8	1	6	25	23	31	155	24	1	8	12	4	5	6	0	19	19	6	1	0	1235	3	0	7	2	0	4	0	0	0	1	0	0	0	0	0	0	0	0	0	0	0	0	0	1	1	0	0	26	149	202	45	46	119	80	214	236	2	0	16	18	6	4	16	10	0	23	50	50	75	44	104	81	166	107	152	2	16	6	17	6	30	38	17	37	66	125	88	114	130	399	346	222	104	354	42	52	158	26	18	148	123	51	48	51	39	76	18	120	116	58	6	159	68	114	2	20	4	2	5	99	14	90	48	4	117	246	96	506	108	290	36	206	254	64	116	33	68	52	20	3	222	173	178	138	184	30	6	18	104	22	300	310	26	224	0	12	2	5	2	2	3	9	12	10	10	58	16	67	122	42	64	120	71	94	2	1	14	4	5	84	32	41	54	5	13	4	42	46	50	20	16	36	36	45	36	90	14	0	133	18	16	135	12	8	110	266	44	0	8	11	14	82	4	9	6	0	98	16	20	9	114	2	32	182	15	12	86	20	43	29
LjRoot72	0	162	0	0	0	0	0	212	545	401	475	496	0	0	0	0	0	351	352	220	352	408	0	56	6	41	47	61	0	0	0	0	0	43	42	24	28	0	0	0	0	0	22	10	36	20	132	0	0	0	0	0	48	66	81	79	84	0	0	0	0	0	42	27	43	49	40	0	0	0	0	0	112	27	85	44	34	0	0	0	0	0	97	270	247	240	267	0	0	0	0	0	84	44	87	46	0	0	0	0	0	67	83	136	53	66	0	0	0	0	0	168	101	203	168	85	0	0	0	0	0	125	143	174	102	39	0	0	0	0	0	296	210	378	166	206	0	0	0	0	0	325	256	586	221	222	0	0	0	0	0	721	618	505	511	470	0	0	0	0	0	134	18	523	189	491	0	0	0	0	0	1046	881	518	629	840	0	0	0	0	0	220	205	205	296	255	0	0	0	0	0	364	346	302	426	425	0	0	0	0	0	287	490	416	694	404	0	0	0	0	0	433	329	440	477	722	0	0	0	0	0	106	464	80	0	273	0	0	0	0	0	26	216	32	0	0	0	0	0	0	522	436	365	333	448	0	0	0	0	0	417	509	364	339	518	0	0	0	0	0	615	580	466	374	384	0	0	0	0	0	562	549	599	788	646	0	0	0	0	0	102	124	186	162	164	116	137	108	0	0	0	0	0	102	81	176	115	107	0	0	0	0	0	171	186	113	165	173	106	105	0	0	0	0	0	166	163	251	188	209	13	15	14	9	12	20	16	16	21	23	156	212	330	56	171	9	10	8	6	7	15	16	14	17	45	52	84	60	26	48	33	22	22	34	12	5	55	65	44	17	21	654	17	1	14	14	8	32	10	58	30	97	56	31	20	114	28	27	72	66	50	61	47	195	67	26	6	90	18	201	243	294	309	228	134	190	228	156	177	185	222	90	263	206	171	167	182	212	119	69	184	66	211	100	134	136	120	185	124	74	128	211	160	235	124	142	161	119	98	166	138	220	398	310	116	335	182	214	282	145	56	450	234	177	229	170	226	244	186	217	290	240	102	408	226	334	96	254	121	108	105	156	93	195	151	156	386	241	60	416	318	329	124	173	330	269	302	223	248	254	112	5	292	712	208	305	177	138	70	97	96	95	226	166	100	211	22	43	42	96	52	45	42	61	51	68	84	45	39	116	119	54	213	145	76	89	28	60	122	38	79	128	101	84	102	43	69	25	99	55	114	54	52	107	82	150	75	166	37	10	100	57	70	108	50	32	133	184	86	73	28	50	70	64	39	40	52	15	122	54	54	14	102	24	48	122	36	38	136	64	158	45
LjRoot80	0	14	0	0	0	0	0	46	140	70	56	58	0	0	0	0	0	634	160	103	104	195	0	30	0	0	1	2	0	0	0	0	0	4	0	0	0	0	0	0	0	0	0	1	2	1	0	0	0	0	0	0	0	1	0	1	2	0	0	0	0	0	3	8	4	9	4	0	0	0	0	0	50	27	106	28	48	0	0	0	0	0	28	98	140	206	133	0	0	0	0	0	22	6	16	8	0	0	0	0	0	0	6	8	12	7	0	0	0	0	0	13	6	16	34	1	0	0	0	0	0	2	4	0	4	0	0	0	0	0	0	8	4	10	6	6	0	0	0	0	0	18	0	18	4	0	0	0	0	0	0	7	6	14	6	11	0	0	0	0	0	9	0	0	4	11	0	0	0	0	0	1	5	6	6	9	0	0	0	0	0	44	46	19	20	10	0	0	0	0	0	4	11	0	16	15	0	0	0	0	0	0	8	19	64	27	0	0	0	0	0	0	2	6	5	6	0	0	0	0	0	0	58	16	38	0	0	0	0	0	0	0	0	0	10	0	0	0	0	0	47	22	42	22	66	0	0	0	0	0	6	6	8	14	12	0	0	0	0	0	5	10	0	0	0	0	0	0	0	0	8	12	7	14	11	0	0	0	0	0	11	14	12	24	11	8	24	10	0	0	0	0	0	36	16	36	18	22	0	0	0	0	0	12	10	8	8	13	4	15	0	0	0	0	0	58	54	54	37	34	16	40	13	28	6	29	28	22	32	22	164	388	202	32	151	19	16	26	20	17	14	33	32	31	89	54	22	130	16	44	8	24	28	20	22	2	16	23	10	12	28	300	28	75	10	6	2	44	8	78	198	77	74	72	8	19	24	52	56	110	118	32	85	68	27	38	10	12	49	21	28	25	20	48	19	16	18	11	85	67	62	22	20	84	40	28	26	23	10	4	16	50	30	2	12	36	18	14	1	12	12	4	8	12	1	6	32	2	3	149	26	272	14	88	6	30	22	34	20	16	6	30	56	26	18	14	67	20	124	122	64	28	42	88	8	44	76	71	44	31	83	90	34	62	24	231	14	13	60	9	10	6	14	18	18	8	18	132	34	8	18	36	32	78	128	94	6	29	12	84	141	68	11	6	46	22	8	22	26	24	10	53	9	3	26	10	23	6	14	46	6	14	7	8	2	29	29	29	4	38	18	26	28	17	6	44	18	9	4	8	0	7	34	18	5	6	0	14	56	4	4	28	15	26	46	33	5	6	6	38	18	34	37	4	28	26	18	24	10	16	16	16	14	10	8	6	8	20	16	40	4	16
LjRoot82	0	589	0	0	0	0	0	641	779	995	756	965	0	0	0	0	0	798	1103	525	489	641	0	153	32	163	154	197	0	0	0	0	0	82	76	56	52	0	0	0	0	0	85	61	140	100	0	0	0	0	0	0	71	144	150	216	165	0	0	0	0	0	346	283	600	247	300	0	0	0	0	0	727	144	881	275	352	0	0	0	0	0	489	1480	2655	2505	2706	0	0	0	0	0	394	255	491	194	0	0	0	0	0	790	759	1533	786	610	0	0	0	0	0	702	281	926	468	219	0	0	0	0	0	514	627	646	536	284	0	0	0	0	0	492	415	642	288	373	0	0	0	0	0	933	570	771	549	609	0	0	0	0	0	478	565	538	636	624	0	0	0	0	0	464	53	722	587	763	0	0	0	0	0	745	563	856	516	625	0	0	0	0	0	650	663	430	443	624	0	0	0	0	0	636	344	273	406	324	0	0	0	0	0	899	862	1060	1545	1132	0	0	0	0	0	449	416	715	836	687	0	0	0	0	0	942	1065	1532	1686	0	0	0	0	0	0	887	1499	1334	0	0	0	0	0	0	1012	720	682	783	1051	0	0	0	0	0	745	1118	783	808	907	0	0	0	0	0	1013	984	1090	810	1163	0	0	0	0	0	830	1265	863	652	924	0	0	0	0	0	319	368	376	408	330	306	426	335	0	0	0	0	0	176	178	202	189	212	0	0	0	0	0	271	258	175	247	252	250	218	0	0	0	0	0	216	184	286	233	256	11	13	14	13	8	17	15	19	11	21	357	254	257	82	252	2	1	2	1	0	2	2	2	6	73	65	54	152	29	24	58	10	52	27	31	6	101	66	57	19	23	4639	26	80	17	21	20	64	20	21	58	48	66	61	57	33	37	38	48	24	42	17	64	52	59	27	3	57	60	32	53	45	55	32	30	23	109	42	37	27	56	26	27	81	66	65	78	77	19	13	16	35	63	9	7	50	5	21	12	7	8	12	14	16	11	20	56	5	16	29	16	93	18	176	23	52	11	31	18	18	4	38	23	32	16	22	53	29	70	39	57	35	84	68	25	72	39	39	27	21	116	61	38	18	67	149	17	6	12	19	14	26	23	18	33	14	17	119	21	5	13	7	38	29	66	31	12	13	13	31	26	27	46	16	12	23	7	2	7	17	10	16	7	8	12	22	8	2	1	2	3	8	6	5	3	13	10	5	24	4	3	8	9	4	8	16	7	3	4	1	4	7	4	12	5	4	4	7	17	25	11	18	15	11	15	8	4	2	8	9	8	3	7	3	21	4	6	4	8	5	43	53	10	3	9	8	7	13	9	21	4	10
Root101	32	0	150	210	144	94	146	0	0	0	0	0	52	52	28	56	78	0	0	0	0	0	0	0	0	0	0	0	0	0	0	0	0	0	0	0	0	0	0	0	0	0	0	0	0	0	0	0	0	0	0	0	0	0	0	0	0	0	4	0	4	2	0	0	0	0	0	0	0	0	0	0	0	0	0	0	0	2	10	4	3	10	0	0	0	0	0	0	0	0	0	0	0	0	0	0	0	0	0	0	3	0	0	0	0	0	0	0	0	0	0	0	0	0	0	0	0	0	0	0	0	0	0	0	0	0	0	0	0	0	0	0	0	0	0	0	0	0	0	2	0	0	0	0	0	0	0	0	0	0	0	0	0	0	0	0	0	0	0	0	0	0	0	0	0	0	0	0	0	0	0	0	0	0	0	0	0	0	0	0	0	0	0	0	0	0	0	0	0	0	0	0	0	0	0	0	0	0	0	0	0	0	0	0	0	0	0	0	0	0	0	0	0	0	0	0	0	0	0	0	0	0	0	0	0	0	0	0	0	0	0	0	0	0	0	0	0	0	0	0	0	0	0	0	0	0	0	0	0	0	0	0	0	0	0	2	0	0	0	0	0	0	0	0	0	0	0	0	0	0	0	0	0	0	0	0	0	0	0	0	0	0	0	0	0	0	0	0	0	0	0	0	2	0	0	0	0	0	0	0	0	0	0	0	0	0	0	0	0	0	0	0	0	0	0	0	0	0	0	0	2	0	0	0	0	2	2	0	0	0	10	30	16	7	29	0	0	0	0	0	0	0	0	0	6	5	3	14	2	0	0	0	0	1	0	0	0	0	1	2	0	9	0	0	0	0	0	0	0	1	0	0	0	0	0	0	0	0	0	0	2	0	2	0	0	2	0	0	0	1	3	4	0	3	0	3	0	0	0	1	1	0	0	0	0	0	0	0	0	0	0	0	0	0	0	0	0	0	0	0	0	0	0	0	0	0	0	0	0	0	0	0	0	0	0	0	0	1	0	0	0	0	0	0	0	0	0	0	0	2	0	0	0	0	0	0	0	0	0	0	0	0	0	1	0	0	1	0	0	1	0	0	0	0	0	2	0	0	0	0	0	0	0	0	0	0	0	0	0	0	0	0	0	0	0	0	0	0	0	0	0	0	0	0	0	0	0	0	0	0	0	0	0	0	0	0	0	0	0	0	0	0	0	0	0	0	0	0	0	0	0	0	0	0	0	0	0	1	0	0	0	0	0	0	0	0	0	0	0	0	0	0	0	0	0	0	0	0	0	0	0	0	0	0	0	0	0	0	0	0	0	0
Root123D2	61	0	495	411	445	487	881	0	0	0	0	0	415	217	458	516	498	0	0	0	0	0	109	0	0	0	0	0	121	133	157	170	77	0	0	0	0	123	67	70	17	29	0	0	0	0	0	58	47	93	65	64	0	0	0	0	0	68	114	192	190	96	0	0	0	0	0	54	86	75	97	100	0	0	0	0	0	255	446	391	556	503	0	0	0	0	0	451	517	470	266	214	0	0	0	0	514	837	439	446	345	0	0	0	0	0	313	380	638	243	547	0	0	0	0	0	690	306	209	484	303	0	0	0	0	0	398	285	521	637	351	0	0	0	0	0	144	115	164	161	133	0	0	0	0	0	320	167	163	463	325	0	0	0	0	0	71	58	46	197	199	0	0	0	0	0	261	186	98	658	512	0	0	0	0	0	86	66	55	109	200	0	0	0	0	0	96	86	168	142	152	0	0	0	0	0	92	34	276	58	306	0	0	0	0	0	225	113	210	293	115	0	0	0	0	0	33	20	30	17	127	0	0	0	0	0	9	30	40	0	0	0	0	0	0	242	135	96	182	215	0	0	0	0	0	96	142	189	122	124	0	0	0	0	0	284	131	202	184	384	0	0	0	0	0	193	255	258	107	207	0	0	0	0	0	101	79	52	165	110	0	0	0	0	0	0	0	0	30	42	39	35	32	0	0	0	0	0	34	47	49	56	58	0	0	0	0	0	0	0	36	31	39	48	64	0	0	0	0	0	37	68	47	14	45	51	28	61	31	63	310	213	330	59	193	27	12	22	17	25	39	47	32	45	90	134	62	106	23	130	130	46	59	70	44	26	158	173	133	62	61	1274	79	0	38	35	41	85	34	146	117	187	84	127	16	131	59	116	200	136	139	132	205	272	250	151	19	189	127	339	310	467	368	280	213	334	243	314	337	220	505	146	267	361	205	306	339	379	206	76	141	75	217	98	157	171	201	122	76	83	123	121	109	169	121	175	127	171	127	113	100	175	296	171	110	295	116	243	267	75	54	295	288	144	140	137	148	165	295	237	298	169	130	332	139	263	209	436	190	173	177	214	104	183	267	259	349	178	139	322	167	262	131	156	315	122	220	296	172	152	156	4	343	342	205	233	77	94	46	118	147	100	155	140	115	163	40	45	73	104	99	57	31	42	27	41	52	11	33	29	57	46	73	49	23	38	57	24	58	47	56	67	68	56	59	54	93	38	17	64	43	58	49	66	48	73	16	74	71	6	62	90	107	60	64	44	50	94	53	83	37	94	111	38	65	54	27	44	72	35	19	16	63	17	20	61	39	57	71	93	66	27
Root131	86	0	0	0	0	0	0	0	0	0	0	0	0	0	0	0	0	0	0	0	0	0	0	0	0	0	0	0	0	0	0	0	0	0	0	0	0	0	0	0	0	0	0	0	0	0	0	0	0	0	0	0	0	0	0	0	0	0	0	0	0	0	0	0	0	0	0	0	0	0	0	0	0	0	0	0	0	0	0	0	0	0	0	0	0	0	0	0	0	0	0	0	0	0	0	0	0	0	0	0	0	0	0	0	0	0	0	0	0	0	0	0	0	0	0	0	0	0	0	0	0	0	0	0	0	0	0	0	0	0	0	0	0	0	0	0	0	0	0	0	0	0	0	0	0	0	0	0	0	0	0	0	0	0	0	0	0	0	0	0	0	0	0	0	0	0	0	0	0	0	0	0	0	0	0	0	0	0	0	0	0	0	0	0	0	0	0	0	0	0	0	0	0	0	0	0	0	0	0	2	0	0	0	0	0	0	0	0	0	0	0	0	0	0	0	0	0	0	0	0	0	0	0	0	0	0	0	0	0	0	0	0	0	0	0	0	0	0	0	0	0	0	0	0	0	0	0	0	0	0	0	0	0	0	0	0	0	0	0	0	0	0	0	0	0	0	0	0	0	0	0	0	0	0	0	0	0	0	0	0	0	0	0	0	0	0	0	0	0	0	0	0	0	0	0	0	0	0	0	0	0	0	0	0	0	0	0	0	0	0	0	0	0	0	0	0	0	0	0	0	0	0	0	0	0	0	0	0	0	0	0	0	0	0	0	0	0	0	0	0	0	0	0	0	0	0	0	0	0	0	0	0	0	0	0	0	0	0	0	0	0	0	0	0	0	0	0	0	0	0	0	0	0	0	0	0	0	0	0	0	0	0	0	0	0	0	0	0	0	0	0	0	0	0	0	0	0	0	0	0	0	0	0	0	0	0	0	0	0	0	0	0	0	0	0	0	0	0	0	0	0	0	0	0	0	0	0	0	0	0	1	0	0	0	0	0	0	0	0	0	0	0	0	0	0	0	0	0	0	0	0	0	0	0	0	0	0	0	0	0	0	0	0	0	0	0	0	0	0	0	0	0	0	0	0	0	0	0	0	0	0	0	0	0	0	0	0	0	0	0	0	0	0	0	0	0	0	0	0	0	0	1	0	0	0	0	0	0	0	0	0	0	0	0	0	0	0	0	0	0	0	0	0	0	0	0	0	0	0	0	0	0	0	0	0	0	0	0	0	0	0	0	0	0	0	0	0	0	0	0	0	0	0	0	0	0	0	0	0	0	0	0	0	0	0	0	0	0	0	0	0	0
Root1310	2	0	442	418	387	316	357	0	0	0	0	0	212	190	158	246	169	0	0	0	0	0	2	0	0	0	0	0	1	2	1	0	0	0	0	0	0	5	7	7	2	0	0	0	0	0	0	0	0	1	0	0	0	0	0	0	0	55	107	151	52	24	0	0	0	0	0	163	87	246	150	383	0	0	0	0	0	92	288	146	443	93	0	0	0	0	0	10	19	64	14	33	0	0	0	0	44	19	11	22	26	0	0	0	0	0	2	2	20	4	5	0	0	0	0	0	8	21	5	41	10	0	0	0	0	0	19	8	15	4	3	0	0	0	0	0	15	29	22	37	22	0	0	0	0	0	40	6	12	30	5	0	0	0	0	0	76	17	10	58	98	0	0	0	0	0	21	86	3	55	19	0	0	0	0	0	21	15	14	20	7	0	0	0	0	0	5	4	0	0	7	0	0	0	0	0	14	9	114	24	39	0	0	0	0	0	9	4	2	4	0	0	0	0	0	0	0	3	0	0	0	0	0	0	0	0	0	0	0	0	0	0	0	0	0	36	17	13	43	15	0	0	0	0	0	5	23	155	9	57	0	0	0	0	0	14	9	8	40	26	0	0	0	0	0	0	0	2	1	0	0	0	0	0	0	534	304	202	414	240	0	0	0	0	0	0	0	0	6	40	61	3	0	0	0	0	0	0	140	62	112	270	167	0	0	0	0	0	0	0	1	21	46	2	0	0	0	0	0	0	4	0	9	2	0	0	10	5	4	3	86	153	104	25	56	2	0	5	2	0	2	6	12	16	4	124	18	2	16	21	62	0	10	18	41	4	31	160	134	8	0	647	42	15	30	38	9	96	36	44	22	701	90	52	37	223	205	65	181	11	91	13	4	10	120	109	0	114	44	426	326	261	280	564	635	473	350	672	88	45	40	69	93	55	272	274	104	194	107	66	76	109	255	47	40	155	258	41	22	21	28	16	25	48	74	100	66	10	143	3	1	0	19	52	0	1	19	2	2	0	1	0	0	0	8	4	65	122	39	316	94	14	9	46	2	8	60	32	4	27	126	0	1	0	19	4	26	5	4	86	56	44	0	2	0	2	0	7	11	1	10	1	2	0	0	0	102	100	173	34	222	160	1	48	33	11	14	6	141	188	16	20	1	1	6	0	143	21	211	30	44	45	177	1	1	42	120	26	67	120	23	98	0	0	0	22	50	6	32	92	161	106	125	127	57	387	28	0	10	3	43	0	12	71	2	0	26	11	33	16	5	19	22	89	14	37	12	10	0	4	45	16	21	0	47	99	16	3	0	7	268	3
Root142	31	0	29	31	29	33	19	0	0	0	0	0	6	2	4	4	2	0	0	0	0	0	6	0	0	0	0	0	7	15	3	5	1	0	0	0	0	6	12	12	3	3	0	0	0	0	0	14	7	8	7	30	0	0	0	0	0	14	30	22	20	21	0	0	0	0	0	8	12	21	21	39	0	0	0	0	0	53	122	83	175	150	0	0	0	0	0	47	37	41	19	17	0	0	0	0	28	45	27	33	42	0	0	0	0	0	31	20	295	25	67	0	0	0	0	0	172	51	45	124	50	0	0	0	0	0	31	5	65	82	77	0	0	0	0	0	50	48	72	40	31	0	0	0	0	0	26	5	8	42	29	0	0	0	0	0	22	33	17	69	49	0	0	0	0	0	33	16	9	36	53	0	0	0	0	0	57	24	20	29	27	0	0	0	0	0	5	5	5	9	14	0	0	0	0	0	36	20	32	20	19	0	0	0	0	0	16	5	10	11	4	0	0	0	0	0	10	4	5	0	0	0	0	0	0	0	0	0	0	2	0	0	0	0	0	30	13	6	19	8	0	0	0	0	0	14	27	13	16	9	0	0	0	0	0	44	37	12	33	20	0	0	0	0	0	8	8	5	8	5	0	0	0	0	0	27	19	11	18	20	0	0	0	0	0	0	0	0	4	6	8	10	8	0	0	0	0	0	7	13	14	13	10	0	0	0	0	0	0	0	3	6	7	11	19	0	0	0	0	0	1	1	0	0	0	0	0	1	0	0	1	2	1	0	2	0	0	0	0	0	0	0	0	0	0	0	0	1	0	0	8	0	4	3	2	0	9	8	11	1	1	117	4	0	0	2	1	3	2	1	2	7	3	2	0	3	1	2	1	2	3	1	2	1	5	2	0	6	2	8	11	15	7	10	6	8	2	11	8	8	19	6	2	8	10	9	8	4	5	2	18	2	5	2	2	6	5	5	3	4	3	6	8	10	6	8	5	2	2	1	2	0	5	2	3	2	3	4	7	0	1	8	3	4	2	0	6	2	4	4	2	3	4	2	2	5	6	4	3	3	2	1	1110	4	5	6	3	2	2	5	1	4	2	2	8	3	2	3	2	0	1	0	4	3	3	3	34	2	6	4	4	4	29	30	5	5	0	1	5	4	2	2	1	2	0	2	1	11	2	17	5	2	4	4	4	4	2	1	2	3	0	2	1	2	3	4	1	2	3	15	5	1	3	12	6	10	8	4	3	0	1	3	2	7	3	2	12	3	2	5	0	2	3	5	2	1	3	2	6	2	0	0	6	1	4	3	1	2	7	1	7	2
Root265	10	0	14	20	25	14	23	0	0	0	0	0	90	40	30	71	46	0	0	0	0	0	4	0	0	0	0	0	0	0	2	0	0	0	0	0	0	0	0	2	0	0	0	0	0	0	0	2	0	0	0	0	0	0	0	0	0	20	18	51	10	22	0	0	0	0	0	65	26	100	62	154	0	0	0	0	0	16	46	14	72	34	0	0	0	0	0	4	8	17	4	10	0	0	0	0	20	28	12	8	70	0	0	0	0	0	6	12	15	4	12	0	0	0	0	0	14	7	5	15	0	0	0	0	0	0	24	14	14	24	16	0	0	0	0	0	0	8	6	8	6	0	0	0	0	0	11	2	4	16	2	0	0	0	0	0	2	3	2	8	6	0	0	0	0	0	2	4	0	5	4	0	0	0	0	0	10	5	6	4	0	0	0	0	0	0	0	1	0	4	2	0	0	0	0	0	28	26	18	2	142	0	0	0	0	0	24	7	14	11	0	0	0	0	0	0	122	4	674	12	0	0	0	0	0	0	42	0	0	32	0	0	0	0	0	15	16	18	40	22	0	0	0	0	0	80	60	56	56	70	0	0	0	0	0	44	13	28	50	34	0	0	0	0	0	8	4	5	2	13	0	0	0	0	0	57	19	21	70	45	0	0	0	0	0	0	0	0	49	17	16	9	28	0	0	0	0	0	10	22	17	24	23	0	0	0	0	0	0	0	30	32	24	13	18	0	0	0	0	0	6	26	10	4	4	8	20	14	22	8	69	89	60	9	56	6	4	14	9	7	18	20	26	14	56	28	5	43	2	111	75	36	48	24	52	6	96	106	124	30	74	872	40	206	29	34	18	143	47	56	102	170	158	176	40	32	42	34	64	93	140	38	18	37	214	94	4	50	47	22	60	26	48	48	32	30	127	38	89	106	60	24	22	114	62	35	114	106	22	5	37	64	112	8	11	139	24	24	9	12	11	10	10	39	12	11	108	12	16	216	39	318	34	100	8	52	28	70	54	12	20	40	40	34	22	24	154	42	40	234	80	47	134	56	32	90	106	21	40	30	91	57	78	51	70	152	6	16	26	24	9	9	14	14	24	7	28	50	40	18	23	17	18	35	119	60	10	49	30	21	28	50	8	8	48	34	21	21	38	56	17	26	7	18	41	26	8	4	6	26	8	5	8	10	3	36	10	18	20	39	14	15	18	5	4	22	42	12	1	13	8	6	20	5	4	5	0	6	17	4	9	24	17	8	16	21	2	3	4	26	9	59	43	0	14	6	6	6	4	30	13	2	8	8	4	2	7	6	4	28	8	10
Root29	43	0	486	533	603	649	756	0	0	0	0	0	308	197	218	363	389	0	0	0	0	0	44	0	0	0	0	0	92	82	38	54	32	0	0	0	0	55	44	80	14	24	0	0	0	0	0	45	28	58	30	26	0	0	0	0	0	74	63	70	59	68	0	0	0	0	0	22	20	38	32	46	0	0	0	0	0	214	254	184	338	367	0	0	0	0	0	41	55	111	48	40	0	0	0	0	272	334	300	195	216	0	0	0	0	0	74	100	198	51	132	0	0	0	0	0	614	339	194	497	448	0	0	0	0	0	207	100	397	420	420	0	0	0	0	0	562	688	871	896	1014	0	0	0	0	0	624	394	407	892	874	0	0	0	0	0	353	254	212	736	724	0	0	0	0	0	922	888	550	1379	1304	0	0	0	0	0	344	195	177	416	406	0	0	0	0	0	246	160	258	142	336	0	0	0	0	0	356	32	503	136	282	0	0	0	0	0	212	258	601	606	278	0	0	0	0	0	7	15	8	2	0	0	0	0	0	0	14	10	5	0	0	0	0	0	0	108	0	137	170	111	0	0	0	0	0	47	52	110	22	96	0	0	0	0	0	354	52	282	257	146	0	0	0	0	0	86	248	246	76	384	0	0	0	0	0	38	0	8	65	38	0	0	0	0	0	0	0	0	4	30	28	6	0	0	0	0	0	0	24	0	14	58	26	0	0	0	0	0	0	0	8	2	30	0	0	0	0	0	0	0	20	10	21	3	10	29	16	20	13	25	107	247	219	58	332	5	2	6	6	2	9	11	4	3	126	72	121	246	37	0	22	0	16	23	8	6	40	34	45	0	4	360	10	4	5	10	2	8	4	0	0	2	6	12	2	26	4	0	6	10	0	2	0	40	14	4	2	0	0	300	254	317	292	224	160	298	217	204	101	112	201	66	108	200	112	110	189	130	45	50	173	100	175	44	68	121	131	54	42	21	44	80	60	77	62	42	36	34	70	32	8	112	52	60	4	164	44	3	88	12	10	69	40	38	12	34	27	56	10	62	128	36	14	5	7	31	0	54	63	31	81	2	35	28	34	16	58	4	10	163	29	63	16	15	21	61	14	36	0	44	28	8	22	32	24	12	12	32	0	93	16	1	33	19	2	0	3	13	8	0	18	5	0	2	0	2	0	0	2	0	0	8	2	0	0	2	0	6	24	18	3	12	10	0	0	0	14	5	0	8	6	0	32	0	0	34	0	0	0	0	0	0	0	0	0	0	0	0	1	12	0	5	17	0	3	10	0	6	0	28	25	0	0	0	0	0	0	0	0	4	10	0
Root418	0	0	0	0	0	79	0	0	0	0	0	0	0	0	0	0	0	0	0	0	0	0	0	0	0	0	0	0	0	0	0	0	0	0	0	0	0	0	0	0	0	0	0	0	0	0	0	0	0	0	0	0	0	0	0	0	0	65	0	111	86	0	0	0	0	0	0	0	30	54	40	120	0	0	0	0	0	342	558	423	899	793	0	0	0	0	0	0	0	0	0	0	0	0	0	0	197	0	163	90	184	0	0	0	0	0	0	37	0	0	0	0	0	0	0	0	248	156	0	351	250	0	0	0	0	0	0	0	0	127	0	0	0	0	0	0	186	221	328	293	382	0	0	0	0	0	95	0	0	116	0	0	0	0	0	0	123	0	85	268	409	0	0	0	0	0	282	316	82	240	170	0	0	0	0	0	54	77	0	108	0	0	0	0	0	0	0	0	0	0	0	0	0	0	0	0	141	0	0	81	362	0	0	0	0	0	0	146	241	0	0	0	0	0	0	0	0	0	0	0	0	0	0	0	0	0	0	0	0	0	0	0	0	0	0	0	0	0	0	0	0	0	0	0	0	480	405	413	198	439	0	0	0	0	0	158	98	0	0	255	0	0	0	0	0	0	0	0	0	0	0	0	0	0	0	81	68	0	104	153	0	0	0	0	0	0	0	0	217	148	111	0	0	0	0	0	0	0	0	0	0	0	0	0	0	0	0	0	0	0	139	94	0	115	0	0	0	0	0	0	10	0	0	0	0	7	0	0	0	0	0	0	0	0	0	0	0	0	0	0	0	0	0	0	0	0	0	0	0	0	0	0	0	0	0	0	0	0	0	34	0	700	0	0	0	0	0	37	0	57	0	0	0	0	0	0	22	0	0	108	106	134	0	110	70	68	0	0	0	0	367	208	0	155	172	0	325	255	183	0	166	149	0	0	232	274	220	0	154	0	0	90	73	51	0	106	0	117	95	71	88	119	0	221	0	184	0	0	0	124	42	0	0	0	0	0	102	330	316	121	0	246	243	189	63	173	188	118	337	90	244	109	134	0	0	231	0	455	261	62	0	0	0	240	507	378	217	0	107	404	0	0	102	0	0	0	291	275	285	140	0	0	512	320	0	336	0	55	0	123	0	0	86	0	104	0	74	0	0	128	0	0	0	103	78	132	30	0	0	0	0	0	0	0	0	0	0	0	0	0	0	150	122	0	0	0	0	74	0	0	0	0	0	32	0	42	0	79	0	0	0	0	0	0	0	0	0	0	0	51	0	0	0	0	0	0	0	0	0	71	0	0	0	0	0	0	0	0	0	84	36	0
Root480	182	0	100	140	130	212	118	0	0	0	0	0	260	208	308	222	182	0	0	0	0	0	10	0	0	0	0	0	70	62	90	83	36	0	0	0	0	43	42	31	6	20	0	0	0	0	0	84	66	54	33	54	0	0	0	0	0	55	56	38	46	61	0	0	0	0	0	134	111	114	164	152	0	0	0	0	0	42	149	84	120	80	0	0	0	0	0	390	619	581	270	310	0	0	0	0	175	590	262	394	240	0	0	0	0	0	400	526	970	328	704	0	0	0	0	0	266	168	86	460	124	0	0	0	0	0	894	432	1307	628	579	0	0	0	0	0	138	235	264	159	221	0	0	0	0	0	936	244	441	861	494	0	0	0	0	0	46	98	74	186	226	0	0	0	0	0	240	148	104	515	288	0	0	0	0	0	60	40	39	86	103	0	0	0	0	0	168	214	217	224	200	0	0	0	0	0	74	25	595	86	61	0	0	0	0	0	250	135	165	369	184	0	0	0	0	0	69	9	401	0	0	0	0	0	0	0	575	507	210	266	0	0	0	0	0	169	10	182	37	82	0	0	0	0	0	244	205	262	224	174	0	0	0	0	0	96	28	210	16	58	0	0	0	0	0	233	236	292	133	367	0	0	0	0	0	14	4	33	29	40	0	0	0	0	0	0	0	0	76	78	82	44	80	0	0	0	0	0	4	4	22	15	30	0	0	0	0	0	0	0	40	76	80	60	121	0	0	0	0	0	8	5	2	0	11	6	4	6	6	6	116	102	98	32	94	3	4	5	4	4	16	10	14	4	64	40	111	78	56	4	22	16	17	9	7	2	39	63	42	52	73	1303	48	3	20	61	32	88	30	11	34	126	52	72	34	81	35	29	33	122	216	152	73	116	229	146	14	141	168	61	18	28	26	33	64	75	109	54	138	234	136	62	49	305	123	232	271	244	19	1	26	17	44	24	22	28	48	46	19	28	22	55	44	50	84	58	42	1	40	2	12	19	50	66	22	50	35	32	98	4	46	108	102	82	33	64	21	12	22	26	98	51	38	50	42	88	112	210	160	40	82	296	278	216	262	278	10	12	118	52	50	36	14	41	97	52	15	79	70	76	96	6	106	202	142	93	43	8	6	38	48	25	27	46	31	24	57	31	53	28	34	91	28	55	42	92	13	0	0	0	2	8	20	16	2	4	24	38	18	46	35	30	97	22	38	108	90	15	6	20	6	12	6	18	4	2	6	20	80	1	21	178	124	30	89	67	7	12	10	62	11	94	72	6	87	24	8	58	14	42	16	12	15	21	4	59	38	57	24	90	12	44
Root61	69	0	217	175	184	166	386	0	0	0	0	0	22	14	10	23	10	0	0	0	0	0	16	0	0	0	0	0	20	6	4	9	4	0	0	0	0	17	17	10	5	8	0	0	0	0	0	4	4	4	2	2	0	0	0	0	0	82	146	106	94	91	0	0	0	0	0	8	13	11	45	26	0	0	0	0	0	209	640	269	618	562	0	0	0	0	0	23	44	29	28	23	0	0	0	0	193	188	134	118	84	0	0	0	0	0	73	56	83	36	78	0	0	0	0	0	66	64	32	82	55	0	0	0	0	0	102	54	50	78	47	0	0	0	0	0	34	42	64	57	54	0	0	0	0	0	36	18	13	53	34	0	0	0	0	0	29	26	10	36	50	0	0	0	0	0	24	40	22	58	70	0	0	0	0	0	39	24	20	34	60	0	0	0	0	0	14	24	26	22	32	0	0	0	0	0	20	22	126	24	73	0	0	0	0	0	34	32	54	37	28	0	0	0	0	0	1042	18	1683	97	2343	0	0	0	0	0	856	734	62	1178	0	0	0	0	0	112	79	116	129	192	0	0	0	0	0	91	196	104	122	94	0	0	0	0	0	101	60	79	78	223	0	0	0	0	0	48	24	24	25	14	0	0	0	0	0	155	180	169	337	224	0	0	0	0	0	0	0	0	38	54	68	61	75	0	0	0	0	0	36	109	112	116	77	0	0	0	0	0	0	0	33	88	24	74	76	0	0	0	0	0	41	53	44	17	30	38	26	40	46	44	10	208	484	34	148	14	4	18	10	18	23	24	30	34	14	14	4	50	0	60	106	64	95	130	57	52	130	162	128	28	39	2900	140	7	37	22	31	86	18	467	237	764	486	316	114	440	106	272	294	288	275	103	556	355	436	166	16	440	130	288	426	306	529	450	302	146	426	228	170	197	220	130	54	154	84	140	251	188	162	43	90	116	184	56	72	118	150	39	43	38	15	54	37	52	32	94	371	360	200	348	105	489	475	274	260	292	28	183	84	84	76	138	158	138	136	63	398	336	1182	328	995	190	577	728	378	939	292	315	212	219	188	354	127	46	138	242	496	336	223	204	246	370	240	244	424	88	68	170	207	56	96	2	242	55	224	144	52	62	50	239	152	371	32	46	279	312	67	24	76	36	124	53	48	38	42	72	156	26	58	18	54	44	34	102	10	24	46	20	39	34	45	45	56	53	46	62	70	16	74	80	63	146	94	166	139	70	36	142	80	4	88	70	64	124	66	74	40	148	52	106	34	75	71	64	84	55	28	34	90	9	6	8	116	26	31	104	20	124	85	53	106	49
Root68	183	0	326	350	227	201	117	0	0	0	0	0	233	135	194	127	94	0	0	0	0	0	45	0	0	0	0	0	49	15	13	13	7	0	0	0	0	175	216	216	50	60	0	0	0	0	0	80	41	38	35	18	0	0	0	0	0	214	249	250	193	304	0	0	0	0	0	141	93	195	296	204	0	0	0	0	0	237	1210	676	1238	1243	0	0	0	0	0	383	508	633	244	136	0	0	0	0	929	1088	1007	1049	740	0	0	0	0	0	200	392	461	116	494	0	0	0	0	0	1118	668	402	1339	586	0	0	0	0	0	558	707	856	1112	845	0	0	0	0	0	1399	794	1367	1370	1370	0	0	0	0	0	478	482	558	527	699	0	0	0	0	0	394	370	437	700	596	0	0	0	0	0	491	619	368	455	482	0	0	0	0	0	1298	992	706	1155	1290	0	0	0	0	0	585	481	486	178	265	0	0	0	0	0	241	156	349	33	348	0	0	0	0	0	232	220	314	379	204	0	0	0	0	0	589	209	556	196	0	0	0	0	0	0	321	0	607	508	0	0	0	0	0	2669	1259	1091	1566	1303	0	0	0	0	0	692	512	601	356	451	0	0	0	0	0	3035	2232	2304	2384	1359	0	0	0	0	0	1025	1606	999	982	1345	0	0	0	0	0	558	416	266	429	299	0	0	0	0	0	0	0	0	143	0	0	137	100	0	0	0	0	0	151	237	214	168	101	0	0	0	0	0	0	0	0	0	71	0	131	0	0	0	0	0	19	18	99	1	6	28	7	16	2	2	5	11	7	4	11	3	0	3	3	0	3	1	2	2	2	1	5	7	2	5	5	10	42	25	4	14	11	14	20	9	17	1292	46	8	10	2	1	7	1	5	12	71	32	47	13	11	10	10	7	26	58	5	20	40	16	6	0	16	15	64	20	108	50	58	4	11	8	10	15	46	79	12	6	21	5	11	33	25	104	17	303	83	21	5	7	43	13	29	26	30	29	24	0	3	5	3	4	2	4	3	11	0	3	3	0	5	1	5	4	0	1	3	0	4	0	0	6	9	13	11	17	3	3	5	3	5	8	7	11	8	66	7	2	6	5	6	4	2	10	3	11	3	0	5	4	7	2	20	3	3	4	4	0	4	4	4	3	3	1	9	0	3	0	0	2	0	2	2	2	2	2	0	0	0	0	0	0	0	1	0	2	0	0	1	0	0	1	1	10	3	0	0	0	0	0	0	2	1	0	2	0	1	2	2	1	1	0	0	0	0	0	0	0	0	0	0	0	0	0	0	0	2	2	0	2	2	0	1	1	6	10	3	0	0	0	1	0	0	0	0	0	0
Root685	30	0	193	162	180	141	174	0	0	0	0	0	36	18	30	34	36	0	0	0	0	0	24	0	0	0	0	0	23	29	13	14	7	0	0	0	0	16	22	12	8	7	0	0	0	0	0	11	5	6	2	4	0	0	0	0	0	18	15	20	27	11	0	0	0	0	0	6	4	12	9	10	0	0	0	0	0	60	106	87	155	116	0	0	0	0	0	14	28	44	11	14	0	0	0	0	40	75	46	58	48	0	0	0	0	0	24	20	42	6	34	0	0	0	0	0	103	70	46	118	64	0	0	0	0	0	28	12	44	46	56	0	0	0	0	0	29	49	57	48	49	0	0	0	0	0	44	10	6	32	40	0	0	0	0	0	34	32	32	66	40	0	0	0	0	0	78	128	30	76	110	0	0	0	0	0	49	46	22	54	34	0	0	0	0	0	110	20	28	22	58	0	0	0	0	0	45	30	74	30	47	0	0	0	0	0	26	10	20	12	18	0	0	0	0	0	6	7	26	14	0	0	0	0	0	0	0	0	11	3	0	0	0	0	0	29	27	18	52	20	0	0	0	0	0	28	18	16	18	25	0	0	0	0	0	64	26	38	52	68	0	0	0	0	0	32	20	13	22	24	0	0	0	0	0	22	41	28	39	14	0	0	0	0	0	0	0	0	4	10	12	12	16	0	0	0	0	0	13	20	22	32	12	0	0	0	0	0	0	0	8	18	11	10	12	0	0	0	0	0	9	22	12	2	8	3	2	6	10	6	8	36	54	6	24	0	5	2	4	1	0	4	2	3	4	2	4	23	0	0	4	8	4	0	0	0	6	10	4	1	2	106	4	0	2	1	0	0	0	7	7	21	6	6	4	8	4	2	6	13	14	4	8	11	8	5	0	5	2	73	66	62	114	56	39	22	17	26	20	32	39	12	20	15	50	38	66	14	38	24	48	32	86	33	18	54	58	16	7	4	8	24	18	15	10	32	16	18	20	15	24	56	33	30	12	30	8	8	18	4	4	15	10	16	12	4	46	35	32	60	58	12	17	40	19	32	28	19	12	11	14	18	9	14	17	15	44	14	28	68	40	28	24	32	100	14	4	41	18	26	18	4	4	14	16	6	42	13	6	16	22	28	8	12	17	34	4	4	9	15	11	2	0	4	2	0	20	0	8	3	7	6	15	21	7	4	3	4	14	10	4	4	7	7	5	8	11	6	6	15	11	14	11	15	4	11	4	7	9	10	10	8	8	18	8	8	16	22	8	13	4	11	16	9	18	7	6	5	18	14	8	9	29	2	10	27	2	10	18	3	10	6
Root695	38	0	332	252	314	256	528	0	0	0	0	0	130	94	96	139	102	0	0	0	0	0	18	0	0	0	0	0	32	24	30	16	12	0	0	0	0	14	20	23	6	8	0	0	0	0	0	11	6	14	8	12	0	0	0	0	0	30	43	46	52	38	0	0	0	0	0	28	28	26	41	56	0	0	0	0	0	123	142	176	167	156	0	0	0	0	0	111	164	164	84	66	0	0	0	0	88	148	132	100	92	0	0	0	0	0	140	143	184	105	241	0	0	0	0	0	224	90	70	207	66	0	0	0	0	0	284	114	272	187	166	0	0	0	0	0	20	26	38	32	32	0	0	0	0	0	52	22	21	98	52	0	0	0	0	0	13	9	12	74	54	0	0	0	0	0	56	58	29	102	50	0	0	0	0	0	20	13	20	36	36	0	0	0	0	0	47	176	65	56	24	0	0	0	0	0	26	6	40	36	86	0	0	0	0	0	28	280	34	33	6	0	0	0	0	0	4	4	0	0	0	0	0	0	0	0	20	8	0	8	0	0	0	0	0	20	10	14	12	22	0	0	0	0	0	60	265	76	100	74	0	0	0	0	0	39	12	36	20	63	0	0	0	0	0	92	202	39	44	48	0	0	0	0	0	46	55	34	43	57	0	0	0	0	0	0	0	0	16	426	36	28	32	0	0	0	0	0	18	28	35	12	22	0	0	0	0	0	0	0	13	62	24	22	26	0	0	0	0	0	13	14	14	7	9	7	10	12	11	14	80	128	170	33	78	10	2	8	7	8	10	9	8	13	23	44	22	40	4	18	20	12	10	10	10	7	22	34	32	13	14	332	34	2	12	26	10	38	11	30	26	74	28	36	12	52	36	30	46	44	70	44	90	76	66	44	6	68	42	58	63	122	74	64	54	81	78	87	44	34	72	38	34	49	52	75	66	60	16	18	22	32	34	12	23	34	39	23	20	9	27	28	18	52	12	101	35	30	23	60	32	62	73	44	26	49	12	38	34	16	8	49	40	27	24	1150	17	25	37	46	54	26	24	50	28	44	50	45	32	21	50	72	25	558	58	48	66	40	32	60	48	31	22	33	80	14	28	48	35	28	22	0	510	66	50	26	20	14	10	26	27	20	17	30	30	48	12	11	14	16	12	14	13	10	590	18	10	8	10	10	7	6	12	10	11	10	16	4	14	14	16	16	20	14	22	96	10	7	6	12	8	12	14	14	10	12	4	16	461	4	16	24	10	13	12	14	8	10	12	16	10	10	14	7	16	12	4	11	12	5	6	4	12	4	4	9	46	16	19	11	9	672
Root720	158	0	20	18	26	30	16	0	0	0	0	0	22	11	20	23	19	0	0	0	0	0	0	0	0	0	0	0	0	2	0	1	0	0	0	0	0	0	0	0	0	0	0	0	0	0	0	0	0	0	0	0	0	0	0	0	0	6	0	3	0	2	0	0	0	0	0	1	2	1	1	4	0	0	0	0	0	1	4	4	4	6	0	0	0	0	0	4	5	3	2	2	0	0	0	0	8	21	11	16	16	0	0	0	0	0	10	5	14	4	10	0	0	0	0	0	18	8	4	13	7	0	0	0	0	0	8	4	18	16	22	0	0	0	0	0	0	8	2	5	8	0	0	0	0	0	8	3	3	23	10	0	0	0	0	0	0	4	3	6	10	0	0	0	0	0	2	2	3	10	6	0	0	0	0	0	7	2	4	4	4	0	0	0	0	0	0	2	4	3	7	0	0	0	0	0	12	2	7	0	2	0	0	0	0	0	4	6	4	6	2	0	0	0	0	0	0	0	0	0	0	0	0	0	0	0	14	0	0	0	0	0	0	0	0	7	2	1	1	2	0	0	0	0	0	0	0	2	0	0	0	0	0	0	0	6	2	0	0	0	0	0	0	0	0	6	0	0	2	5	0	0	0	0	0	2	0	0	1	0	0	0	0	0	0	0	0	0	0	0	0	0	0	0	0	0	0	0	0	0	0	0	0	0	0	0	0	0	0	0	0	1	0	0	0	0	0	0	0	0	2	0	0	0	0	0	0	0	0	0	12	8	12	5	15	0	0	0	0	0	0	0	0	0	15	2	4	18	6	0	0	0	0	0	0	0	0	0	1	0	0	26	2	0	0	2	0	0	0	1	2	8	4	6	3	2	1	0	4	1	6	2	5	2	4	2	0	2	2	4	4	2	8	1	1	2	2	4	4	8	2	0	0	4	4	4	9	5	0	1	0	0	0	0	1	0	3	3	0	0	1	0	0	1	1	0	2	0	0	0	2	8	6	3	2	0	0	2	0	1	0	2	2	3	0	1	2	0	0	4	6	0	2	2	0	3	3	2	0	0	2	4	1	0	4	0	0	0	0	4	4	2	0	2	4	1	0	4	0	2	0	0	0	0	4	0	4	0	0	0	0	0	0	0	0	4	0	0	0	0	0	0	0	1	1	2	0	0	0	0	0	0	0	0	0	0	0	0	2	2	0	0	0	1	1	0	4	0	0	0	0	0	0	0	0	0	0	0	1	1	0	3	1	0	0	0	0	0	0	0	1	0	2	0	0	0	0	0	0	1	2	0	0	0	0	0	0	0	0	0	0	0
Root77	54	0	96	123	127	104	171	0	0	0	0	0	54	28	42	60	61	0	0	0	0	0	18	0	0	0	0	0	32	19	13	24	6	0	0	0	0	9	5	10	4	8	0	0	0	0	0	14	5	7	4	4	0	0	0	0	0	18	15	22	20	20	0	0	0	0	0	4	9	9	14	20	0	0	0	0	0	59	119	71	124	106	0	0	0	0	0	17	32	49	20	26	0	0	0	0	148	224	144	186	138	0	0	0	0	0	64	60	120	34	99	0	0	0	0	0	92	43	22	88	28	0	0	0	0	0	44	25	58	64	39	0	0	0	0	0	30	30	57	44	41	0	0	0	0	0	38	10	16	33	32	0	0	0	0	0	18	15	21	44	52	0	0	0	0	0	26	21	10	18	22	0	0	0	0	0	33	12	30	30	28	0	0	0	0	0	10	12	18	20	18	0	0	0	0	0	30	13	125	19	70	0	0	0	0	0	26	13	23	32	32	0	0	0	0	0	0	4	8	6	0	0	0	0	0	0	0	0	0	0	0	0	0	0	0	43	14	48	24	34	0	0	0	0	0	26	34	22	24	26	0	0	0	0	0	65	14	90	31	45	0	0	0	0	0	22	11	16	20	30	0	0	0	0	0	17	12	10	28	14	0	0	0	0	0	0	0	0	7	10	6	6	12	0	0	0	0	0	6	6	11	16	10	0	0	0	0	0	0	0	0	10	6	7	10	0	0	0	0	0	4	4	3	0	2	4	6	4	5	6	6	48	114	9	44	0	0	0	0	2	2	4	2	4	8	8	4	16	3	2	11	6	3	10	5	4	15	18	18	0	5	141	4	3	3	0	4	15	2	30	39	58	44	52	8	18	24	26	47	26	28	16	14	31	32	26	4	24	32	43	37	48	48	37	29	28	26	33	13	20	38	11	21	25	17	21	30	24	18	6	24	30	25	14	7	28	8	10	8	8	7	11	12	8	10	6	16	6	15	14	8	29	8	18	13	15	5	19	16	0	4	18	14	8	6	5	19	10	57	29	33	10	34	18	12	36	24	19	14	16	24	16	4	24	14	24	21	8	18	34	15	11	12	10	18	6	6	28	14	8	6	4	10	10	24	27	8	8	4	11	14	16	6	9	9	19	4	2	6	8	6	4	2	6	2	5	6	2	4	3	4	3	6	14	5	11	5	2	11	7	4	8	9	7	4	10	4	2	0	2	0	7	4	14	4	4	2	6	5	0	2	8	4	7	4	6	2	2	4	4	0	6	9	6	9	6	5	2	5	10	10	6	10	2	0	4	5	6	7	1	5	2
Root83	137	0	148	122	132	124	170	0	0	0	0	0	373	252	270	267	285	0	0	0	0	0	9	0	0	0	0	0	67	42	70	79	28	0	0	0	0	18	18	19	6	12	0	0	0	0	0	80	74	73	44	55	0	0	0	0	0	44	49	35	38	62	0	0	0	0	0	72	67	69	121	132	0	0	0	0	0	76	213	189	280	197	0	0	0	0	0	564	354	496	166	215	0	0	0	0	296	484	395	316	361	0	0	0	0	0	382	349	744	173	545	0	0	0	0	0	251	139	84	228	148	0	0	0	0	0	383	143	601	486	592	0	0	0	0	0	130	171	234	180	147	0	0	0	0	0	453	186	233	792	607	0	0	0	0	0	40	67	62	138	118	0	0	0	0	0	266	116	116	437	498	0	0	0	0	0	54	24	31	40	37	0	0	0	0	0	167	108	156	153	109	0	0	0	0	0	56	30	122	34	51	0	0	0	0	0	186	256	316	318	140	0	0	0	0	0	519	15	102	0	359	0	0	0	0	0	0	268	0	0	0	0	0	0	0	125	33	42	98	54	0	0	0	0	0	68	77	112	128	64	0	0	0	0	0	100	56	70	59	38	0	0	0	0	0	97	395	246	86	233	0	0	0	0	0	8	6	15	15	24	0	0	0	0	0	0	0	0	19	14	38	21	14	0	0	0	0	0	5	5	19	8	10	0	0	0	0	0	0	0	22	26	30	18	36	0	0	0	0	0	4	6	4	1	5	5	5	6	4	7	10	70	19	1	16	2	1	3	2	5	5	7	7	6	8	4	6	9	2	8	9	11	7	6	4	3	12	11	10	8	10	606	12	2	4	4	3	15	5	6	15	19	20	15	14	11	9	16	12	26	44	21	26	28	36	14	6	31	42	10	13	13	10	12	14	14	10	14	33	51	18	23	8	48	26	36	41	12	5	3	8	4	8	1	10	16	9	8	6	6	4	16	6	23	18	5	22	8	8	6	6	14	18	24	13	10	12	18	28	8	12	22	43	30	15	7	7	8	17	12	16	10	10	8	6	14	45	26	29	13	22	35	21	22	28	30	12	7	7	26	40	11	14	8	43	3	6	24	19	8	18	0	10	28	8	20	16	4	2	3	4	4	4	8	4	6	10	2	4	2	3	6	2	8	4	10	2	1	1	3	3	1	2	4	1	2	2	2	12	5	8	9	4	8	4	5	6	3	4	3	3	5	0	3	2	2	4	5	16	4	4	10	16	4	10	7	0	2	4	6	2	8	6	1	4	2	2	6	6	27	14	18	2	1	3	3	7	7	2	12	1	4
Root935	164	0	1138	991	1034	1064	867	0	0	0	0	0	1324	913	1335	1144	1021	0	0	0	0	0	148	0	0	0	0	0	201	241	145	126	72	0	0	0	0	231	222	311	139	142	0	0	0	0	0	296	148	172	111	148	0	0	0	0	0	480	412	525	384	503	0	0	0	0	0	416	299	391	642	947	0	0	0	0	0	669	1490	1194	1701	1335	0	0	0	0	0	1112	1302	1378	611	615	0	0	0	0	1831	2128	1884	1496	2124	0	0	0	0	0	872	1137	1998	414	1676	0	0	0	0	0	2877	1628	981	2623	1411	0	0	0	0	0	1506	1189	1799	2289	2166	0	0	0	0	0	1805	1703	2106	2262	2380	0	0	0	0	0	1958	1049	1492	2765	2177	0	0	0	0	0	1226	1278	796	1625	1968	0	0	0	0	0	2330	3124	1461	2448	2493	0	0	0	0	0	1339	1478	769	1281	1066	0	0	0	0	0	1548	1235	1434	1205	1186	0	0	0	0	0	1816	1419	3359	1261	3329	0	0	0	0	0	1624	1346	1868	2542	979	0	0	0	0	0	2736	529	5272	1714	4761	0	0	0	0	0	3864	3407	4871	4391	0	0	0	0	0	3873	3242	2467	3677	3334	0	0	0	0	0	2556	2982	2315	2207	2774	0	0	0	0	0	3364	2403	2580	1994	2586	0	0	0	0	0	2238	2990	2338	2412	2615	0	0	0	0	0	1168	1202	937	1024	1366	0	0	0	0	0	0	0	0	814	738	525	584	449	0	0	0	0	0	413	694	793	728	568	0	0	0	0	0	0	0	526	532	427	555	672	0	0	0	0	0	114	169	78	42	47	114	88	74	100	96	929	857	754	154	700	40	26	50	46	28	91	75	79	87	382	328	462	269	164	510	239	179	286	228	102	64	322	465	348	235	316	9599	330	346	144	148	122	422	115	786	684	1486	928	1064	778	945	623	498	950	907	998	1207	1206	941	904	478	34	652	764	1560	1712	1949	1866	1936	1440	2072	1640	1184	1492	1378	1262	1079	600	1646	1330	1449	1608	1106	1167	552	1130	793	1052	700	802	1067	1175	654	449	521	446	762	619	847	446	919	1359	973	927	1132	1125	1590	2235	1579	1601	1876	542	1196	1342	854	460	1366	1359	1196	755	731	1928	1768	2040	1992	2331	1844	1778	3535	1750	2601	2324	2063	1652	1256	2757	2072	1694	1345	2137	1802	3188	1705	863	3171	1702	1919	1211	828	3208	1143	1332	2113	1494	992	1131	68	1702	1718	1227	1498	874	843	583	1233	1073	1054	1138	973	1130	1138	285	287	580	698	522	399	263	504	472	575	577	372	365	746	661	313	820	883	438	499	450	250	797	421	317	488	481	514	640	484	525	273	601	681	672	473	469	861	769	959	507	1034	498	581	524	663	536	720	582	664	870	1176	589	513	350	482	494	457	453	357	344	297	1107	1004	1025	758	743	272	467	841	268	544	884	507	823	465
