#Strain	val_comp_1	val_comp_2	val_comp_3	val_comp_4	val_comp_5	val_comp_6	val_comp_7	val_comp_8	val_comp_9	val_comp_10	val_comp_11	val_comp_12	val_comp_13	val_comp_14	val_comp_15	val_comp_16	val_comp_17	val_comp_18	val_comp_19	val_comp_20	val_comp_21	val_comp_22	val_comp_23	val_comp_24	val_comp_25	val_comp_26	val_comp_27	val_comp_28	val_comp_29	val_comp_30	val_comp_31	val_comp_32	val_comp_33	val_comp_34	val_comp_35	val_comp_36	val_comp_37	val_comp_38	val_comp_39	val_comp_40	val_comp_41	val_comp_42	val_comp_43	val_comp_44	val_comp_45	val_comp_46	val_comp_47	val_comp_48	val_comp_49	val_comp_50	val_comp_51	val_comp_52	val_comp_53	val_comp_54	val_comp_55	val_comp_56	val_comp_57	val_comp_58	val_comp_59	val_comp_60	val_comp_61	val_comp_62	val_comp_63	val_comp_64	val_comp_65	val_comp_66	val_comp_67	val_comp_68	val_comp_69	val_comp_70	val_comp_71	val_comp_72	val_comp_73	val_comp_74	val_comp_75	val_comp_76	val_comp_77	val_comp_78	val_comp_79	val_comp_80	val_comp_81	val_comp_82	val_comp_83	val_comp_84	val_comp_85	val_comp_86	val_comp_87	val_comp_88	val_comp_89	val_comp_90	val_comp_91	val_comp_92	val_comp_93	val_comp_94	val_comp_95	val_comp_96	val_comp_97	val_comp_98	val_comp_99	val_comp_100	val_comp_101	val_comp_102	val_comp_103	val_comp_104	val_comp_105	val_comp_106	val_comp_107	val_comp_108	val_comp_109	val_comp_110	val_comp_111	val_comp_112	val_comp_113	val_comp_114	val_comp_115	val_comp_116	val_comp_117	val_comp_118	val_comp_119	val_comp_120	val_comp_121	val_comp_122	val_comp_123	val_comp_124	val_comp_125	val_comp_126	val_comp_127	val_comp_128	val_comp_129	val_comp_130	val_comp_131	val_comp_132	val_comp_133	val_comp_134	val_comp_135	val_comp_136	val_comp_137	val_comp_138	val_comp_139	val_comp_140	val_comp_141	val_comp_142	val_comp_143	val_comp_144	val_comp_145	val_comp_146	val_comp_147	val_comp_148	val_comp_149	val_comp_150	val_comp_151	val_comp_152	val_comp_153	val_comp_154	val_comp_155	val_comp_156	val_comp_157	val_comp_158	val_comp_159	val_comp_160	val_comp_161	val_comp_162	val_comp_163	val_comp_164	val_comp_165	val_comp_166	val_comp_167	val_comp_168	val_comp_169	val_comp_170	val_comp_171	val_comp_172	val_comp_173	val_comp_174	val_comp_175	val_comp_176	val_comp_177	val_comp_178	val_comp_179	val_comp_180	val_comp_181	val_comp_182	val_comp_183	val_comp_184	val_comp_185
LjNodule218	5	180	86	26	69	8	33	40	125	347	359	1041	7781	691	489	1163	492	708	1689	0	21	0	23753	1	1	0	0	0	0	0	0	0	0	0	0	0	77	3	0	0	0	0	3	4	0	2	0	22	87	135	105	27	100	28	104	36	57	20	119	99	113	149	22	67	41	98	51	20	42	27	55	241	297	160	185	35	138	84	37	237	191	97	172	10	126	103	75	57	28	96	97	80	114	77	25	47	448	765	710	500	943	916	409	7942	1817	1113	987	6528	1406	378	909	909	744	2189	1252	1497	1354	1296	1843	388	4880	4126	1177	1199	846	202	1521	339	510	624	264	596	303	401	270	3643	336	6504	1645	497	784	987	942	2387	6537	879	5976	937	603	1111	730	532	1049	31	0	0	0	7486	0	0	0	17	0	0	0	0	3	0	0	0	0	2	0	0	77	0	0	0	23334	0	0	3	33	80	45
LjRoot1	8	146	115	39	104	10	35	57	82	37	28	88	47	45	54	26	75	32	133	0	4	0	0	0	0	0	3	0	0	0	1	0	0	0	0	0	0	2	32	22859	0	0	0	1	0	7	0	1577	20	26	54	13	35	22	70	23	76	2	7	89	111	86	11	8	110	86	52	84	24	9	46	129	166	70	56	24	49	4	49	108	192	34	86	10	66	98	19	31	4	37	35	33	61	33	16	30	60	68	32	17	61	35	24	93	102	60	116	40	68	9	70	46	30	39	106	48	48	34	26	30	42	66	46	50	72	22	53	26	83	51	70	82	36	29	11	55	28	43	13	55	113	47	71	48	22	44	74	27	59	26	30	24	12	3	0	0	0	0	0	0	0	3	0	0	0	0	0	0	0	0	2	0	0	0	2	0	0	0	2	0	0	0	5	933	673
LjRoot17	82	701	279	130	263	54	195	237	627	41	35	70	69	72	81	34	138	72	161	0	1	0	0	0	0	0	0	0	0	0	0	0	1	0	0	0	0	0	0	0	0	1	21834	6	0	0	1	549	88	133	90	110	110	44	186	156	131	36	109	264	778	349	1054	156	167	280	171	24	57	49	122	362	834	232	244	107	301	36	143	375	104	151	230	13	142	642	486	384	49	376	147	236	546	577	128	182	313	51	45	34	52	57	24	108	89	101	52	49	49	9	58	70	24	29	49	18	33	55	29	40	54	69	39	72	37	17	42	29	87	29	41	20	35	51	13	19	15	19	5	50	142	110	94	93	163	128	122	121	111	126	104	80	26	1	0	0	0	0	0	0	120	0	0	0	0	0	1	0	0	0	2	0	0	3	2	0	0	0	0	0	0	0	3	638	2150
LjRoot222	36	660	303	78	141	34	70	186	463	112	110	238	132	291	266	100	218	182	410	0	0	0	0	0	0	0	1	0	0	0	4	0	0	0	0	0	0	0	0	0	0	0	0	0	0	0	0	6	157	240	491	217	215	108	336	208	262	54	312	120	410	302	56	65	88	262	179	93	50	54	145	586	926	412	349	118	392	54	152	706	300	318	400	48	342	333	380	434	116	378	210	256	638	758	183	254	568	143	146	158	318	269	105	295	310	350	314	167	208	56	216	334	230	166	318	108	111	114	144	130	113	122	322	147	184	46	185	135	389	181	214	228	138	252	88	153	177	140	50	183	372	526	212	176	318	350	264	285	242	243	413	174	50	0	0	0	0	0	0	0	2	0	0	4	0	2	0	0	0	0	2	0	0	0	0	0	10662	0	2	52	0	0	0	11	261
LjRoot24	0	70	42	20	40	3	0	0	16	4	10	14	10	10	10	1	8	2	29	0	0	0	0	0	0	0	0	0	0	0	0	0	0	0	0	0	0	0	0	0	0	0	0	0	8898	0	0	16	15	0	1	8	7	4	6	4	7	2	6	6	14	16	0	1	0	29	6	0	2	0	0	12	74	14	8	2	18	0	2	51	8	6	2	0	15	2	4	2	0	2	0	0	14	6	0	4	14	10	6	0	6	4	1	18	8	10	6	7	4	0	2	8	4	10	12	0	5	5	3	5	2	8	6	2	13	0	6	6	4	9	11	7	6	16	0	4	4	6	1	8	30	8	12	2	6	14	4	4	2	4	6	0	0	0	0	0	0	0	0	0	0	0	0	0	0	0	0	0	0	0	0	0	0	0	1	0	0	0	0	0	2	0	0	82	90
LjRoot262	504	4678	3521	893	1645	400	984	1377	3734	489	371	1656	587	1203	886	559	1434	948	3166	0	9	0	3	5	0	0	31373	0	0	0	2	0	0	0	4	2	6	8	2	2	0	0	0	6	2	8	4	394	1442	1651	5296	1148	1101	591	1362	846	1676	316	579	6006	3340	2032	6047	1176	1340	2006	1150	614	497	2558	1384	10176	8094	8383	3830	2601	8230	891	5678	14434	8757	4973	9606	800	6477	3876	3343	3946	955	4082	2153	1684	6482	4182	2866	1694	4328	888	459	1024	866	647	492	867	1560	814	996	614	862	235	1318	1042	654	644	1780	444	890	1412	479	946	1176	1262	1024	1127	874	272	886	2289	3988	2791	2584	4514	2548	3536	993	3143	2136	2917	858	3231	4345	3590	2651	2044	2286	2260	4257	2526	3430	3118	3136	2226	573	0	12	0	0	3	0	0	1024	4	2	3	2	8	34386	24	0	4	12	1	2	2	5	4	18138	0	10	2	30860	8	12	904	810
LjRoot303	0	0	1	0	0	0	0	0	0	0	0	0	0	0	0	0	0	0	0	0	0	0	0	0	0	0	0	0	0	0	0	0	0	0	0	0	0	0	0	0	0	0	0	0	0	0	0	17	0	0	0	0	0	0	0	0	0	0	0	0	0	1	0	0	0	0	0	0	0	0	0	1	0	0	2	0	0	0	0	2	0	0	0	0	0	0	0	0	0	0	0	0	0	0	0	0	0	0	0	0	0	0	0	0	0	0	2	0	0	0	0	0	0	0	0	0	0	0	0	0	0	0	0	0	0	0	0	0	0	1	0	0	0	0	0	1	0	0	0	0	0	0	0	0	0	0	0	0	0	0	0	0	0	0	0	0	0	0	0	0	0	0	0	0	0	0	0	0	0	0	0	0	0	0	0	0	0	0	0	0	0	0	0	18	5
LjRoot33	18	672	327	130	186	14	66	236	385	937	534	1216	807	1308	670	498	1246	602	1422	26585	6	0	0	9	0	0	0	0	2	3	4	0	4	0	0	0	2	0	0	0	0	2	0	4	0	5	0	2505	96	215	567	336	220	31	267	172	180	36	246	68	553	398	118	46	203	855	130	128	36	32	160	308	460	450	553	96	192	36	194	744	470	301	412	24	406	264	124	124	20	266	154	78	216	120	120	137	534	960	532	676	1213	408	404	1415	1034	959	978	872	788	59	1111	1136	870	457	972	382	374	564	456	478	591	928	836	730	760	251	750	804	1700	907	584	831	851	1114	216	764	566	506	188	897	1063	2322	1310	422	624	670	900	901	546	1090	1934	830	276	2	0	0	0	0	0	0	16	10	5	0	0	6	0	2	0	0	132	0	4	1	4420	4	0	0	10	21079	1	0	4	2236	2251
LjRoot44	19	3695	1239	798	1024	77	64	118	456	143	168	521	284	162	118	20	556	42	561	0	6	0	0	3	0	1	6	0	0	0	0	0	0	0	0	85	4	7	0	0	0	0	0	2	0	28645	3	136	27	36	18	84	37	26	528	200	193	38	28	8	217	543	68	25	134	1610	149	22	4	3	84	608	1352	1334	1178	246	692	75	888	1032	583	218	1095	112	834	70	84	56	88	140	110	13	190	69	28	162	75	271	110	8	312	67	72	412	264	312	263	166	114	12	132	90	52	194	186	42	164	69	51	80	26	178	159	138	340	8	121	74	64	144	103	189	125	48	44	74	43	156	9	103	294	344	235	22	64	195	137	74	128	86	244	64	10	0	0	0	0	0	0	0	0	2	0	0	0	29038	56	7	1	0	0	0	2	2	0	34877	0	2	5	0	2	0	4	81	196
LjRoot46	52	293	122	32	118	13	94	142	234	31	41	135	70	73	101	37	102	100	141	0	0	0	0	0	2823	0	0	0	0	0	0	0	0	0	0	0	0	0	0	0	0	0	0	0	0	0	0	24	34	170	54	107	41	30	218	130	119	33	47	14	195	236	42	57	145	216	51	41	16	28	44	0	0	0	0	0	0	0	0	0	0	0	0	0	0	210	156	106	15	241	134	93	198	277	108	106	130	48	34	90	69	45	57	84	92	103	89	44	56	15	104	93	56	50	112	44	33	69	37	60	53	34	76	79	86	37	65	0	0	0	0	0	0	0	0	1	0	0	0	0	0	186	48	56	92	148	109	70	154	52	125	37	15	0	0	0	0	0	0	0	0	3	0	1	0	0	0	0	0	0	0	0	0	0	0	1	0	0	0	0	0	12236	1	0	15
LjRoot5	0	0	0	0	0	0	0	0	0	0	0	0	0	0	0	0	0	0	0	0	0	0	0	0	0	0	0	0	0	0	0	0	0	0	0	0	0	0	0	0	106	0	0	0	0	0	0	4	0	0	0	0	0	0	0	0	0	0	0	0	0	0	0	0	0	0	0	0	0	0	0	0	0	0	0	0	1	0	0	0	0	0	0	0	0	0	0	0	0	0	0	0	0	0	0	0	0	0	0	0	0	0	0	0	0	0	0	0	0	0	0	0	0	0	0	0	0	0	0	0	0	0	0	0	0	0	0	0	0	0	0	0	0	0	0	0	0	0	0	0	0	0	0	0	0	0	0	0	0	0	0	0	0	0	0	0	0	0	0	0	0	0	0	0	0	0	0	0	0	0	0	0	0	0	0	0	0	0	0	0	0	0	0	6	7
LjRoot52	20	175	111	21	56	6	41	45	131	34	34	44	46	76	92	42	69	71	184	0	0	0	0	0	0	0	0	0	0	0	0	0	0	0	0	0	0	0	0	0	0	10118	0	0	0	0	0	38	32	102	58	48	54	14	78	58	68	9	32	55	104	110	159	36	94	108	24	6	18	7	60	232	286	136	136	42	140	16	92	254	150	98	244	8	140	80	58	60	14	98	44	52	90	104	30	18	112	39	35	70	78	41	46	80	70	61	124	54	84	17	136	116	72	50	102	42	37	62	39	48	48	34	85	66	72	25	50	64	90	66	55	128	70	72	32	50	68	88	20	62	142	96	26	42	72	72	80	52	84	57	54	52	8	1	0	0	0	0	0	0	0	0	0	0	0	0	0	0	0	0	0	0	0	0	0	0	0	0	1	0	0	0	0	37	38
LjRoot59	51	583	286	102	134	19	282	84	369	327	402	563	586	692	636	379	667	581	1756	0	10	0	1	7293	2	1	1	0	0	1	0	0	0	0	31	1	15	4	0	0	0	2	0	2	1	3	0	2915	68	337	38	613	85	52	448	220	195	40	356	5	135	289	151	75	60	707	48	52	24	101	130	160	241	320	320	226	181	49	313	831	642	123	1935	66	100	71	162	380	77	242	227	173	592	254	74	199	751	552	447	550	871	632	456	1114	920	1055	1039	469	919	160	1216	855	705	445	863	331	246	551	362	341	451	310	862	665	668	247	541	484	2378	716	634	1549	723	950	501	889	725	951	304	838	1080	1052	467	529	528	637	758	517	550	617	892	404	135	7	1	0	0	1	0	0	1	7	0	0	16788	0	1	0	0	0	6	1	1	0	5	1	2	17690	3	0	0	5	13	2223	1502
LjRoot60	292	1123	492	148	428	85	399	602	1126	66	52	130	115	206	138	99	272	169	378	2	3	0	0	0	0	34380	6	0	0	1	9	0	0	2	1	2	1	2	0	0	1	0	0	3	0	27	0	1548	266	1040	1332	769	347	191	681	592	754	142	302	306	1341	494	1389	172	400	296	310	156	92	143	251	1902	3084	1806	1492	550	1382	286	836	2712	1678	1348	3404	94	1408	577	1224	611	44	1947	789	230	1390	1590	137	271	1078	68	48	168	152	97	94	132	114	112	184	80	198	44	230	211	86	80	172	42	80	118	70	121	112	180	170	150	66	45	118	328	1020	385	212	556	412	492	180	256	322	464	68	434	912	200	22	102	304	147	372	130	412	190	202	144	18	1	0	0	0	0	0	0	6	12	41984	0	2	8	0	4723	0	0	6	0	0	0	25424	0	0	2	0	0	2	4	5	6914	2971
LjRoot72	50	909	504	144	176	33	194	299	810	169	163	348	350	387	478	300	646	474	1068	0	0	0	0	0	0	0	0	0	0	0	0	0	0	0	0	0	0	1	0	0	0	0	2	21278	0	1	1	1562	524	499	455	1661	372	80	703	385	460	102	344	80	498	368	8648	153	190	802	140	173	52	104	242	957	1735	892	1103	96	788	153	271	1012	1180	388	812	86	901	454	630	303	104	892	444	187	1002	746	115	204	827	283	197	494	344	320	291	541	588	500	610	262	544	123	1020	923	466	290	477	182	186	438	339	394	372	198	509	407	500	155	411	398	1004	547	274	616	635	698	250	327	637	828	123	412	906	608	160	180	422	420	241	278	276	363	627	206	36	3	2	0	0	0	0	2982	0	5	1	21461	2	2	0	0	0	0	3	0	1	0	4	1	0	0	0	0	0	2	4	1794	2882
LjRoot80	9	398	229	90	224	78	84	24	260	141	72	220	96	110	99	121	152	128	310	0	0	0	0	0	0	0	0	0	0	0	0	0	0	0	1	1	3308	0	0	0	0	0	0	0	0	0	0	16	32	112	39	22	16	18	104	49	57	7	23	193	212	200	9	56	26	188	112	9	40	28	251	322	534	766	174	208	190	27	230	404	70	81	94	44	200	4	52	98	22	90	93	2	136	139	16	48	126	320	69	162	248	79	130	267	302	202	210	98	156	14	272	161	78	223	452	51	154	242	30	184	224	208	114	286	144	38	244	204	435	130	195	228	179	130	38	130	118	86	36	206	264	96	212	54	76	112	104	45	96	48	84	104	24	6	0	0	0	0	0	0	928	0	0	0	0	1	0	0	0	0	2	194	0	0	0	0	0	0	2	0	0	4	0	16	8
LjRoot82	51	3234	2001	847	1775	466	156	409	1121	269	236	723	349	192	335	130	641	163	1111	10	8	0	62	1	1	0	14	1	0	4	0	2	11195	1	0	3	20	5952	1	93	16092	5	1	4	3015	168	6	4343	236	408	543	402	448	207	722	352	339	106	300	515	1459	1184	2463	157	733	1183	803	128	97	149	397	929	1141	874	908	276	417	75	214	1241	604	206	308	208	544	498	483	147	147	772	316	222	475	380	167	322	247	516	189	59	372	186	62	697	431	386	353	279	97	12	86	203	130	453	395	55	217	145	145	169	119	738	238	267	501	74	177	105	231	158	316	37	60	74	16	140	111	34	13	135	241	423	247	49	129	244	78	147	91	95	330	54	18	3	97	5	0	0	4	0	2	8	1	2	13	185	2	3155	0	0	2	1	9	6353	6	10	39	22	31	0	4	0	19	2043	4861
Root101	0	58	43	24	35	4	2	2	18	12	9	32	30	24	24	16	45	89	78	0	2	0	0	0	0	0	0	0	0	0	0	0	0	0	0	0	0	0	0	0	0	0	0	0	0	0	0	0	18	5	8	24	18	3	70	12	17	2	7	116	52	34	2	12	3	74	19	6	0	0	4	16	88	17	1	0	6	0	2	11	8	8	16	3	7	0	7	0	0	1	0	0	14	0	1	16	7	54	28	74	78	46	10	86	94	73	33	38	14	8	176	35	32	26	78	79	16	24	16	138	106	26	53	177	57	38	47	10	23	16	14	28	16	36	6	22	8	22	30	16	177	43	20	4	10	30	8	15	14	8	22	17	6	3	0	0	0	0	0	0	0	0	0	0	0	0	0	0	0	0	0	0	0	0	0	0	0	0	0	0	0	0	3	2	0
Root123D2	231	3091	1520	371	665	136	801	339	1832	303	254	717	499	654	621	237	693	361	1347	0	11	5980	1	0	0	0	0	0	0	0	0	0	0	0	0	0	2	0	0	0	0	0	0	0	0	0	0	9	721	1079	515	904	590	256	1538	755	909	167	1291	1187	1069	1359	124	631	543	2380	350	322	275	354	1093	1624	2144	1580	1812	416	1550	354	648	2049	1352	656	2673	123	1232	544	978	1016	258	1005	786	609	1371	1624	399	680	1667	578	360	415	953	605	349	768	850	878	801	489	653	166	773	992	579	429	846	319	354	484	357	462	546	456	597	407	660	178	619	363	471	515	536	672	296	574	247	391	354	484	159	772	1103	1030	497	303	439	513	630	590	448	539	794	339	69	21	0	0	0	0	0	0	4	0	0	3	0	5	195	0	0	0	0	0	0	0	0	0	0	0	1	1	1	3	61	5	0
Root131	0	6	0	0	0	0	0	0	0	0	0	0	0	0	0	2	0	0	0	0	193	0	0	0	0	0	0	0	0	0	0	0	0	0	0	0	0	0	0	0	0	0	0	0	0	0	32132	0	0	0	0	0	0	0	0	0	0	0	0	0	1	0	0	0	0	0	0	0	0	0	0	0	0	2	0	0	1	0	0	0	0	2	0	0	0	0	0	0	0	0	2	0	0	0	6	0	0	0	0	0	0	0	0	0	1	0	1	0	0	1	0	0	0	0	0	0	0	0	0	0	0	0	0	0	0	2	1	0	0	0	0	0	0	0	0	0	0	0	0	0	0	0	0	0	0	0	0	0	0	0	0	0	0	61	0	0	0	0	0	0	0	0	0	0	0	1	0	0	0	0	0	0	0	0	0	0	0	0	0	0	0	0	97	0	0
Root1310	84	569	385	151	625	67	29	215	95	208	269	960	252	351	317	106	474	332	565	0	1	0	0	0	0	0	1	0	0	0	0	0	0	0	0	0	0	0	0	0	0	0	0	1	0	0	0	2	217	334	580	548	200	177	810	297	497	66	152	0	417	698	77	0	116	159	267	288	32	36	128	30	48	79	95	6	243	0	14	8	773	9	628	102	32	168	175	0	85	246	228	10	105	271	138	154	374	277	129	106	458	272	192	204	843	359	886	406	360	63	256	273	504	390	569	306	249	591	179	123	334	331	118	345	320	148	244	70	689	46	140	153	212	227	47	195	189	208	100	325	245	350	345	358	66	950	427	206	246	252	475	138	36	0	0	0	0	0	0	0	0	0	0	0	0	1	0	0	0	0	0	0	0	0	0	0	0	0	0	0	1	0	3	2	0
Root142	1	47	37	14	38	7	3	5	13	2	9	14	9	4	6	2	12	2	10	0	3	0	0	0	0	0	0	0	0	0	0	0	0	0	0	0	0	0	0	0	0	0	0	0	0	0	0	0	4	5	2	77	16	8	90	53	54	6	25	5	26	67	98	7	34	112	15	16	10	7	19	14	30	10	13	3	4	8	4	12	38	5	9	6	13	14	4	1	2	0	10	0	1	9	1	7	12	35	18	9	40	34	14	51	56	55	40	21	16	3	17	20	8	16	26	5	9	9	5	5	3	17	15	11	24	3	10	3	24	5	13	7	13	10	3	3	6	6	2	9	13	7	5	1	1	11	2	5	3	1	9	0	0	2	2022	0	0	0	0	0	0	0	0	0	0	0	0	0	0	0	0	0	0	0	0	0	0	0	0	0	0	0	0	0	0
Root265	5	248	116	48	90	24	12	12	197	57	34	78	63	87	86	53	78	86	234	0	19	0	0	0	0	0	0	0	0	0	0	0	0	0	0	0	0	0	0	0	0	0	0	0	0	1	0	0	31	16	22	2	20	8	32	12	34	4	10	149	136	138	2	32	0	189	52	4	13	8	154	108	210	198	88	61	93	27	20	208	102	62	62	12	91	14	26	30	3	32	31	0	44	67	0	15	84	54	32	62	77	27	20	132	80	73	69	37	40	7	97	60	42	98	181	32	70	104	40	121	114	126	96	198	114	24	122	126	272	82	120	120	66	88	32	75	76	64	18	143	198	78	61	24	63	48	76	59	38	40	50	42	12	4	0	0	0	0	0	0	0	0	0	0	0	0	0	0	0	0	2450	0	0	0	0	0	0	0	1	0	0	4	12	0	0
Root29	74	1242	758	128	284	41	200	51	541	140	121	480	328	410	390	191	466	352	798	0	1738	0	0	0	0	0	0	0	25727	0	2	0	0	0	0	2	7	0	0	0	0	1	0	0	0	0	0	6	204	383	118	307	420	131	528	380	296	59	230	750	646	402	24	204	202	466	169	47	122	140	327	1312	1560	759	685	126	1052	82	190	1076	272	406	594	38	605	298	292	240	47	353	284	199	1076	365	58	244	382	220	226	260	440	216	168	412	352	478	349	237	245	58	398	478	311	174	487	146	192	270	178	326	312	216	370	274	264	108	184	248	616	344	238	324	280	461	129	234	223	279	78	328	678	568	140	137	352	337	290	320	282	336	307	184	56	664	3	0	0	0	0	0	4	3	2	0	0	4	4	2	0	0	4	0	2	0	2	0	23	0	0	0	4	6	1009	2	0
Root418	0	0	0	0	0	0	0	0	0	0	0	0	0	60	0	32	0	85	104	0	623	0	0	0	0	0	0	0	0	0	0	0	4185	0	0	0	0	0	0	0	0	0	0	0	0	0	0	0	0	0	0	0	0	0	0	0	13	0	0	4	0	0	0	0	0	0	0	0	0	0	0	0	0	0	0	0	0	0	0	0	0	0	0	0	0	0	0	0	0	0	0	0	0	0	0	0	0	0	0	95	0	0	0	0	0	0	75	0	0	0	78	107	0	0	0	0	26	0	38	0	0	0	0	0	0	0	0	76	0	0	0	0	0	0	0	0	0	53	0	64	97	0	0	0	0	0	0	0	0	0	0	0	0	531	0	0	0	0	0	0	0	0	0	0	0	0	0	0	0	0	0	0	0	0	0	0	0	0	0	0	0	0	219	0	0
Root480	8	270	163	48	130	34	22	34	132	104	69	374	132	219	91	70	216	54	317	0	2920	0	0	0	0	0	0	0	0	2	2	0	0	0	0	40438	0	2	0	0	0	0	0	2	2	0	0	2	58	16	70	145	81	32	131	58	70	6	33	690	1640	1333	106	222	481	1504	463	260	228	134	583	97	150	54	36	23	50	10	29	106	24	27	70	2	34	16	5	32	50	10	10	22	44	52	5	34	66	196	78	109	250	106	64	216	376	237	242	180	80	26	134	234	492	665	1069	403	526	582	380	474	766	610	565	716	872	240	836	92	170	62	151	30	49	132	22	78	43	34	12	118	209	68	134	30	36	29	60	27	38	44	91	16	9	1648	2	0	0	0	16931	0	2	0	0	0	0	4	12	4	0	0	0	0	0	0	2	1	4	0	0	0	4	4	1232	4	0
Root61	42	2874	1114	690	830	70	212	80	2330	109	170	355	289	250	141	104	374	111	928	0	120	0	0	0	0	0	0	0	0	0	0	2067	2	0	0	0	0	4	0	0	0	0	0	0	0	0	0	7	189	367	56	623	239	282	2754	792	1016	148	294	95	957	1332	76	182	240	3806	291	74	82	198	942	807	802	938	155	113	813	34	482	951	208	157	402	21	819	182	176	196	112	456	255	228	282	254	114	202	257	382	206	70	506	72	101	620	416	547	252	266	228	16	192	92	110	148	372	34	138	121	79	115	168	126	161	210	302	41	188	112	57	54	120	53	45	106	40	186	80	68	40	160	158	204	170	20	34	136	81	42	44	76	198	50	22	138	28	0	0	0	0	0	22	10796	22	0	0	6	0	0	0	2	0	0	22474	0	0	0	0	0	0	1	0	0	417	4	0
Root68	7	24	4	2	11	3	4	8	6	12	10	17	16	14	11	12	17	12	42	1	1651	0	4	16	0	0	0	0	0	0	0	0	0	0	8918	0	0	0	0	0	0	0	0	1	0	0	0	42	4	8	4	10	5	1	7	0	2	0	6	1	2	13	1	2	2	9	4	1	2	9	4	3	5	5	14	3	2	3	4	9	7	2	15	7	2	4	9	5	3	3	3	8	4	3	2	4	15	29	9	14	13	42	12	26	74	17	52	11	8	12	88	9	8	11	20	6	7	10	5	11	9	15	14	23	17	5	12	9	57	9	21	29	11	16	10	8	16	15	4	17	18	13	16	4	4	9	4	6	5	5	9	4	2	1236	0	0	0	0	1	0	1	0	0	0	47	4	5	2	0	0	0	0	1	0	0	1	0	45	3	0	3	0	1473	49	22
Root685	38	297	278	42	148	25	33	68	206	34	23	66	54	45	74	30	74	58	160	38	100	0	3	0	0	1	0	1	0	0	40554	0	0	0	0	0	10349	0	0	0	0	0	0	6	0	6	0	0	43	90	261	65	152	49	170	72	144	20	80	152	240	166	666	58	132	126	66	10	40	18	104	294	289	284	128	58	180	30	130	376	240	86	116	18	182	174	73	109	16	180	98	79	116	146	86	58	122	52	28	41	46	47	25	61	62	55	58	34	45	5	68	78	30	39	69	21	31	42	24	32	26	56	60	44	68	10	66	33	86	38	42	66	34	46	16	26	45	32	9	42	93	30	18	14	26	26	28	32	30	23	31	16	6	52	10	0	0	0	0	0	0	1	0	0	2	5	0	2	0	1	0	8542	12	0	2	28	0	0	1	0	0	0	116	1	0
Root695	61	526	298	92	166	34	102	120	326	106	98	267	162	222	179	112	193	126	474	0	23	0	0	0	0	0	0	0	0	0	0	0	0	4338	0	0	0	0	0	0	0	0	0	0	0	0	1	2	227	355	209	290	140	68	282	164	207	34	242	146	242	310	174	60	150	290	83	60	63	38	147	426	490	398	392	86	288	100	204	538	979	159	498	61	310	182	160	212	164	270	226	105	233	256	199	132	420	199	121	108	214	184	84	246	340	208	291	162	236	56	248	270	142	129	280	92	160	178	93	101	200	108	162	172	148	45	138	135	200	174	177	238	142	210	73	250	128	216	64	225	329	198	226	90	120	116	224	122	178	195	185	114	32	20	0	0	0	0	0	0	0	0	0	0	0	0	0	0	0	0	0	0	0	0	0	1	0	0	2	0	0	0	26	2	0
Root720	3	56	16	9	21	2	16	5	28	12	8	28	10	18	8	6	28	9	36	0	818	0	0	0	0	0	0	0	0	0	0	0	0	0	0	4	0	22674	0	0	0	0	0	0	0	0	0	0	0	30	4	0	4	3	19	11	18	2	0	32	74	12	2	4	4	29	8	0	6	2	38	29	34	48	18	7	16	0	12	34	16	19	32	2	14	2	3	8	0	4	0	0	15	8	7	0	14	22	16	14	16	8	7	14	24	14	18	10	19	0	16	10	4	8	24	4	6	14	5	12	12	16	12	17	12	1	20	11	18	10	22	11	6	15	2	8	8	8	0	24	20	14	22	2	11	8	8	0	6	8	12	8	0	542	0	0	0	0	0	0	0	0	0	0	0	2	2	3	0	0	0	0	0	0	0	1	0	2	0	0	0	0	673	0	0
Root77	14	196	112	44	86	12	26	28	84	6	20	50	32	21	38	10	46	22	102	0	569	0	2	0	1	0	0	22200	0	0	0	0	0	0	0	0	0	0	0	0	0	0	0	0	0	1	0	0	12	26	18	14	15	4	73	14	38	5	14	44	61	82	12	30	22	70	32	3	8	4	38	82	125	83	43	26	53	19	42	154	74	29	66	4	39	13	7	37	2	16	17	28	36	38	9	13	38	22	17	7	23	24	10	45	39	36	22	18	18	2	18	26	9	14	30	7	15	18	14	24	22	20	22	12	32	4	14	5	14	12	17	22	7	10	6	12	10	12	1	18	36	15	14	4	6	20	16	10	19	12	15	6	0	406	0	0	7523	0	0	0	0	0	2	0	0	0	0	0	0	0	0	0	0	0	0	0	0	0	0	0	0	0	174	1	0
Root83	1	110	75	19	64	14	28	17	62	36	26	82	44	55	35	22	95	16	97	1	1469	1	0	0	0	0	0	0	0	0	0	0	0	0	0	0	0	0	20219	94	0	0	0	1	0	0	0	8	30	55	57	55	17	4	28	26	30	5	8	43	57	50	590	9	19	76	21	4	5	15	26	43	70	76	93	17	47	0	32	94	25	12	85	12	46	30	10	24	0	68	18	0	24	38	37	8	36	65	25	38	66	25	17	66	77	60	48	54	58	4	42	28	23	30	70	19	26	33	17	23	28	32	65	64	50	8	61	28	41	52	55	98	18	38	6	29	21	27	9	36	56	35	40	10	13	17	62	18	19	27	50	14	7	708	0	0	0	0	0	0	0	0	0	0	0	3	3	3	0	0	0	0	0	0	0	0	0	0	0	0	2	0	1098	6	2
Root935	456	5422	6485	1746	3505	713	1495	3450	4498	1465	1029	2558	1760	2332	1715	1272	2417	1718	5622	2	2158	2	3	2	2	3	4	1	2	14654	4	1	13	1	2	6	2	11	2	2	13	2	2	4	5	9	3	30	2443	6000	4768	6898	2656	1180	7194	2945	3160	1176	2382	5881	3686	3485	10586	1032	3963	5419	1434	1055	709	1204	2102	6571	8058	5327	4717	1382	4524	545	2444	5121	4295	1937	5362	674	4865	3721	3147	1328	242	2872	1356	577	4411	2853	840	1048	1931	2553	1690	2082	2690	1908	1848	3182	3846	3086	3713	2338	3418	648	3965	3549	2242	1302	4280	1278	1937	2066	1596	1638	2376	1648	2676	2705	2104	1054	2261	2373	3294	2801	2087	2926	2195	2846	784	2652	2008	2381	909	2980	4409	1890	1861	1605	1772	1039	2336	1316	1317	2563	1603	2003	558	2517	4	15836	0	1	2	0	3	5	3	6	3	15	9	8	9160	9165	8	0	3	8	8	6	3	0	12	1	13	5	2809	2620	6
